<?xml version="1.0" encoding="UTF-8"?><font-metrics metrics-version="2" type="TYPE0"><font-name>STIXIntegralsSm-Regular</font-name><full-name>STIXIntegralsSm-Regular</full-name><family-name>STIXIntegralsSm</family-name><embed/><cap-height>0</cap-height><x-height>0</x-height><ascender>750</ascender><descender>-250</descender><bbox><left>13</left><bottom>-284</bottom><right>1242</right><top>784</top></bbox><flags>33</flags><stemv>0</stemv><italicangle>0</italicangle><subtype>TYPE0</subtype><multibyte-extras><cid-type>CIDFontType2</cid-type><default-width>0</default-width><bfranges><bf gi="3" ue="32" us="32"/><bf gi="4" ue="160" us="160"/><bf gi="5" ue="8755" us="8747"/><bf gi="14" ue="10780" us="10763"/><bf gi="0" ue="65535" us="65535"/></bfranges><cid-widths start-index="0"><wx w="250" xMax="0" xMin="0" yMax="0" yMin="0"/><wx w="0" xMax="0" xMin="0" yMax="0" yMin="0"/><wx w="333" xMax="0" xMin="0" yMax="0" yMin="0"/><wx w="250" xMax="0" xMin="0" yMax="0" yMin="0"/><wx w="250" xMax="0" xMin="0" yMax="0" yMin="0"/><wx w="496" xMax="552" xMin="41" yMax="690" yMin="-189"/><wx w="726" xMax="782" xMin="41" yMax="690" yMin="-189"/><wx w="956" xMax="1012" xMin="41" yMax="690" yMin="-189"/><wx w="560" xMax="552" xMin="41" yMax="690" yMin="-189"/><wx w="790" xMax="782" xMin="41" yMax="690" yMin="-189"/><wx w="1020" xMax="1012" xMin="41" yMax="690" yMin="-189"/><wx w="560" xMax="552" xMin="41" yMax="690" yMin="-189"/><wx w="560" xMax="552" xMin="41" yMax="690" yMin="-189"/><wx w="560" xMax="552" xMin="41" yMax="690" yMin="-189"/><wx w="593" xMax="552" xMin="41" yMax="694" yMin="-190"/><wx w="1152" xMax="1242" xMin="41" yMax="695" yMin="-189"/><wx w="512" xMax="552" xMin="41" yMax="694" yMin="-190"/><wx w="512" xMax="552" xMin="41" yMax="693" yMin="-190"/><wx w="560" xMax="552" xMin="41" yMax="694" yMin="-190"/><wx w="496" xMax="552" xMin="41" yMax="694" yMin="-190"/><wx w="560" xMax="552" xMin="41" yMax="695" yMin="-189"/><wx w="513" xMax="552" xMin="41" yMax="694" yMin="-191"/><wx w="512" xMax="552" xMin="41" yMax="694" yMin="-190"/><wx w="635" xMax="597" xMin="41" yMax="694" yMin="-190"/><wx w="512" xMax="552" xMin="43" yMax="694" yMin="-190"/><wx w="512" xMax="552" xMin="41" yMax="695" yMin="-189"/><wx w="613" xMax="586" xMin="13" yMax="694" yMin="-190"/><wx w="512" xMax="552" xMin="41" yMax="695" yMin="-189"/><wx w="512" xMax="551" xMin="40" yMax="694" yMin="-190"/><wx w="512" xMax="551" xMin="40" yMax="694" yMin="-190"/><wx w="462" xMax="552" xMin="41" yMax="784" yMin="-190"/><wx w="496" xMax="552" xMin="41" yMax="694" yMin="-284"/></cid-widths></multibyte-extras></font-metrics>