<?xml version="1.0" encoding="UTF-8"?><font-metrics metrics-version="2" type="TYPE0"><font-name>STIXIntegralsUp-Bold</font-name><full-name>STIXIntegralsUp-Bold</full-name><family-name>STIXIntegralsUp</family-name><embed/><cap-height>0</cap-height><x-height>0</x-height><ascender>750</ascender><descender>-250</descender><bbox><left>35</left><bottom>-455</bottom><right>1337</right><top>959</top></bbox><flags>33</flags><stemv>0</stemv><italicangle>0</italicangle><subtype>TYPE0</subtype><multibyte-extras><cid-type>CIDFontType2</cid-type><default-width>0</default-width><bfranges><bf gi="3" ue="32" us="32"/><bf gi="4" ue="160" us="160"/><bf gi="5" ue="8755" us="8747"/><bf gi="14" ue="10780" us="10764"/><bf gi="0" ue="65535" us="65535"/></bfranges><cid-widths start-index="0"><wx w="250" xMax="0" xMin="0" yMax="0" yMin="0"/><wx w="0" xMax="0" xMin="0" yMax="0" yMin="0"/><wx w="333" xMax="0" xMin="0" yMax="0" yMin="0"/><wx w="250" xMax="0" xMin="0" yMax="0" yMin="0"/><wx w="250" xMax="0" xMin="0" yMax="0" yMin="0"/><wx w="425" xMax="467" xMin="59" yMax="824" yMin="-320"/><wx w="715" xMax="757" xMin="59" yMax="824" yMin="-320"/><wx w="1005" xMax="1047" xMin="59" yMax="824" yMin="-320"/><wx w="394" xMax="483" xMin="35" yMax="834" yMin="-310"/><wx w="650" xMax="739" xMin="35" yMax="824" yMin="-320"/><wx w="951" xMax="1047" xMin="54" yMax="824" yMin="-320"/><wx w="484" xMax="553" xMin="54" yMax="824" yMin="-320"/><wx w="445" xMax="534" xMin="35" yMax="824" yMin="-320"/><wx w="456" xMax="545" xMin="35" yMax="824" yMin="-320"/><wx w="1295" xMax="1337" xMin="59" yMax="824" yMin="-320"/><wx w="511" xMax="553" xMin="59" yMax="824" yMin="-320"/><wx w="511" xMax="553" xMin="59" yMax="824" yMin="-320"/><wx w="592" xMax="634" xMin="59" yMax="824" yMin="-320"/><wx w="385" xMax="474" xMin="35" yMax="824" yMin="-320"/><wx w="484" xMax="553" xMin="54" yMax="824" yMin="-320"/><wx w="417" xMax="486" xMin="35" yMax="824" yMin="-320"/><wx w="424" xMax="493" xMin="54" yMax="824" yMin="-320"/><wx w="535" xMax="604" xMin="54" yMax="824" yMin="-320"/><wx w="416" xMax="505" xMin="35" yMax="824" yMin="-320"/><wx w="459" xMax="528" xMin="35" yMax="824" yMin="-320"/><wx w="824" xMax="884" xMin="45" yMax="824" yMin="-320"/><wx w="527" xMax="587" xMin="45" yMax="824" yMin="-320"/><wx w="567" xMax="632" xMin="45" yMax="824" yMin="-320"/><wx w="567" xMax="632" xMin="45" yMax="824" yMin="-320"/><wx w="479" xMax="521" xMin="45" yMax="959" yMin="-320"/><wx w="411" xMax="511" xMin="35" yMax="824" yMin="-455"/></cid-widths></multibyte-extras></font-metrics>