<?xml version="1.0" encoding="UTF-8"?><font-metrics metrics-version="2" type="TYPE0"><font-name>STIXIntegralsD-Bold</font-name><full-name>STIXIntegralsD-Bold</full-name><family-name>STIXIntegralsD</family-name><embed/><cap-height>0</cap-height><x-height>0</x-height><ascender>750</ascender><descender>-250</descender><bbox><left>24</left><bottom>-451</bottom><right>2330</right><top>2182</top></bbox><flags>33</flags><stemv>0</stemv><italicangle>0</italicangle><subtype>TYPE0</subtype><multibyte-extras><cid-type>CIDFontType2</cid-type><default-width>0</default-width><bfranges><bf gi="3" ue="32" us="32"/><bf gi="4" ue="160" us="160"/><bf gi="5" ue="8755" us="8747"/><bf gi="14" ue="10780" us="10764"/><bf gi="0" ue="65535" us="65535"/></bfranges><cid-widths start-index="0"><wx w="250" xMax="0" xMin="0" yMax="0" yMin="0"/><wx w="0" xMax="0" xMin="0" yMax="0" yMin="0"/><wx w="333" xMax="0" xMin="0" yMax="0" yMin="0"/><wx w="250" xMax="0" xMin="0" yMax="0" yMin="0"/><wx w="250" xMax="0" xMin="0" yMax="0" yMin="0"/><wx w="686" xMax="1136" xMin="56" yMax="2000" yMin="-269"/><wx w="1084" xMax="1534" xMin="56" yMax="2000" yMin="-269"/><wx w="1482" xMax="1932" xMin="56" yMax="2000" yMin="-269"/><wx w="736" xMax="1136" xMin="56" yMax="2000" yMin="-269"/><wx w="1134" xMax="1534" xMin="56" yMax="2000" yMin="-269"/><wx w="1532" xMax="1932" xMin="56" yMax="2000" yMin="-269"/><wx w="736" xMax="1136" xMin="56" yMax="2000" yMin="-269"/><wx w="736" xMax="1136" xMin="56" yMax="2000" yMin="-269"/><wx w="736" xMax="1136" xMin="56" yMax="2000" yMin="-269"/><wx w="1880" xMax="2330" xMin="56" yMax="2000" yMin="-269"/><wx w="736" xMax="1136" xMin="56" yMax="2000" yMin="-269"/><wx w="736" xMax="1136" xMin="56" yMax="2000" yMin="-269"/><wx w="736" xMax="1136" xMin="56" yMax="2000" yMin="-269"/><wx w="736" xMax="1136" xMin="56" yMax="2000" yMin="-269"/><wx w="736" xMax="1136" xMin="56" yMax="2000" yMin="-269"/><wx w="836" xMax="1136" xMin="56" yMax="2000" yMin="-269"/><wx w="736" xMax="1136" xMin="56" yMax="2000" yMin="-269"/><wx w="926" xMax="1136" xMin="56" yMax="2000" yMin="-269"/><wx w="736" xMax="1136" xMin="56" yMax="2000" yMin="-269"/><wx w="836" xMax="1136" xMin="56" yMax="2000" yMin="-269"/><wx w="911" xMax="1131" xMin="24" yMax="2000" yMin="-269"/><wx w="736" xMax="1136" xMin="56" yMax="2000" yMin="-269"/><wx w="836" xMax="1136" xMin="56" yMax="2000" yMin="-269"/><wx w="836" xMax="1136" xMin="56" yMax="2000" yMin="-269"/><wx w="746" xMax="1146" xMin="56" yMax="2182" yMin="-269"/><wx w="696" xMax="1146" xMin="56" yMax="2000" yMin="-451"/></cid-widths></multibyte-extras></font-metrics>