<?xml version="1.0" encoding="UTF-8"?><font-metrics metrics-version="2" type="TYPE0"><font-name>STIXIntegralsUpSm-Regular</font-name><full-name>STIXIntegralsUpSm-Regular</full-name><family-name>STIXIntegralsUpSm</family-name><embed/><cap-height>0</cap-height><x-height>0</x-height><ascender>750</ascender><descender>-250</descender><bbox><left>12</left><bottom>-283</bottom><right>1081</right><top>784</top></bbox><flags>33</flags><stemv>0</stemv><italicangle>0</italicangle><subtype>TYPE0</subtype><multibyte-extras><cid-type>CIDFontType2</cid-type><default-width>0</default-width><bfranges><bf gi="3" ue="32" us="32"/><bf gi="4" ue="160" us="160"/><bf gi="5" ue="8755" us="8747"/><bf gi="14" ue="10780" us="10763"/><bf gi="0" ue="65535" us="65535"/></bfranges><cid-widths start-index="0"><wx w="250" xMax="0" xMin="0" yMax="0" yMin="0"/><wx w="0" xMax="0" xMin="0" yMax="0" yMin="0"/><wx w="333" xMax="0" xMin="0" yMax="0" yMin="0"/><wx w="250" xMax="0" xMin="0" yMax="0" yMin="0"/><wx w="250" xMax="0" xMin="0" yMax="0" yMin="0"/><wx w="357" xMax="375" xMin="52" yMax="690" yMin="-189"/><wx w="587" xMax="605" xMin="52" yMax="690" yMin="-189"/><wx w="817" xMax="835" xMin="52" yMax="690" yMin="-189"/><wx w="452" xMax="412" xMin="52" yMax="690" yMin="-189"/><wx w="682" xMax="642" xMin="52" yMax="690" yMin="-189"/><wx w="909" xMax="869" xMin="52" yMax="690" yMin="-189"/><wx w="480" xMax="447" xMin="52" yMax="690" yMin="-189"/><wx w="480" xMax="448" xMin="52" yMax="690" yMin="-189"/><wx w="480" xMax="470" xMin="52" yMax="690" yMin="-189"/><wx w="556" xMax="515" xMin="41" yMax="694" yMin="-190"/><wx w="1044" xMax="1081" xMin="68" yMax="694" yMin="-190"/><wx w="420" xMax="391" xMin="68" yMax="694" yMin="-190"/><wx w="420" xMax="391" xMin="68" yMax="694" yMin="-190"/><wx w="520" xMax="482" xMin="39" yMax="694" yMin="-190"/><wx w="324" xMax="380" xMin="41" yMax="694" yMin="-190"/><wx w="480" xMax="447" xMin="52" yMax="694" yMin="-190"/><wx w="450" xMax="410" xMin="68" yMax="694" yMin="-190"/><wx w="450" xMax="412" xMin="68" yMax="690" yMin="-189"/><wx w="550" xMax="512" xMin="68" yMax="690" yMin="-189"/><wx w="450" xMax="410" xMin="50" yMax="690" yMin="-189"/><wx w="450" xMax="410" xMin="50" yMax="694" yMin="-191"/><wx w="611" xMax="585" xMin="12" yMax="694" yMin="-190"/><wx w="450" xMax="412" xMin="48" yMax="694" yMin="-190"/><wx w="450" xMax="403" xMin="59" yMax="694" yMin="-190"/><wx w="450" xMax="403" xMin="59" yMax="694" yMin="-190"/><wx w="379" xMax="416" xMin="68" yMax="784" yMin="-189"/><wx w="357" xMax="400" xMin="52" yMax="690" yMin="-283"/></cid-widths></multibyte-extras></font-metrics>