<?xml version="1.0" encoding="UTF-8"?><font-metrics metrics-version="2" type="TYPE0"><font-name>STIXIntegralsUpD-Regular</font-name><full-name>STIXIntegralsUpD-Regular</full-name><family-name>STIXIntegralsUpD</family-name><embed/><cap-height>0</cap-height><x-height>0</x-height><ascender>750</ascender><descender>-250</descender><bbox><left>0</left><bottom>-426</bottom><right>1442</right><top>2157</top></bbox><flags>33</flags><stemv>0</stemv><italicangle>0</italicangle><subtype>TYPE0</subtype><multibyte-extras><cid-type>CIDFontType2</cid-type><default-width>0</default-width><bfranges><bf gi="3" ue="32" us="32"/><bf gi="4" ue="160" us="160"/><bf gi="5" ue="8755" us="8747"/><bf gi="14" ue="10780" us="10763"/><bf gi="0" ue="65535" us="65535"/></bfranges><cid-widths start-index="0"><wx w="250" xMax="0" xMin="0" yMax="0" yMin="0"/><wx w="0" xMax="0" xMin="0" yMax="0" yMin="0"/><wx w="333" xMax="0" xMin="0" yMax="0" yMin="0"/><wx w="250" xMax="0" xMin="0" yMax="0" yMin="0"/><wx w="250" xMax="0" xMin="0" yMax="0" yMin="0"/><wx w="467" xMax="512" xMin="58" yMax="2000" yMin="-269"/><wx w="787" xMax="832" xMin="58" yMax="2000" yMin="-269"/><wx w="1107" xMax="1152" xMin="58" yMax="2000" yMin="-269"/><wx w="616" xMax="685" xMin="56" yMax="2000" yMin="-269"/><wx w="849" xMax="849" xMin="39" yMax="2000" yMin="-269"/><wx w="1161" xMax="1172" xMin="36" yMax="2000" yMin="-269"/><wx w="608" xMax="736" xMin="47" yMax="2000" yMin="-269"/><wx w="616" xMax="746" xMin="56" yMax="2000" yMin="-269"/><wx w="605" xMax="785" xMin="56" yMax="2000" yMin="-269"/><wx w="914" xMax="856" xMin="58" yMax="2000" yMin="-269"/><wx w="1397" xMax="1442" xMin="58" yMax="2000" yMin="-269"/><wx w="609" xMax="647" xMin="35" yMax="2000" yMin="-269"/><wx w="609" xMax="647" xMin="35" yMax="1999" yMin="-270"/><wx w="658" xMax="734" xMin="25" yMax="1999" yMin="-270"/><wx w="629" xMax="635" xMin="56" yMax="2000" yMin="-269"/><wx w="608" xMax="736" xMin="47" yMax="2000" yMin="-269"/><wx w="568" xMax="597" xMin="58" yMax="2000" yMin="-269"/><wx w="530" xMax="599" xMin="58" yMax="2000" yMin="-269"/><wx w="695" xMax="776" xMin="58" yMax="2000" yMin="-269"/><wx w="615" xMax="684" xMin="56" yMax="2000" yMin="-269"/><wx w="653" xMax="682" xMin="56" yMax="2000" yMin="-269"/><wx w="945" xMax="1039" xMin="24" yMax="2000" yMin="-269"/><wx w="597" xMax="608" xMin="62" yMax="2000" yMin="-269"/><wx w="735" xMax="801" xMin="65" yMax="2000" yMin="-269"/><wx w="735" xMax="801" xMin="65" yMax="2000" yMin="-269"/><wx w="701" xMax="741" xMin="0" yMax="2157" yMin="-269"/><wx w="467" xMax="799" xMin="58" yMax="2000" yMin="-426"/></cid-widths></multibyte-extras></font-metrics>