<?xml version="1.0" encoding="UTF-8"?><font-metrics metrics-version="2" type="TYPE0"><font-name>STIXSizeOneSym-Regular</font-name><full-name>STIXSizeOneSym-Regular</full-name><family-name>STIXSizeOneSym</family-name><embed/><cap-height>0</cap-height><x-height>0</x-height><ascender>750</ascender><descender>-250</descender><bbox><left>-1000</left><bottom>-363</bottom><right>1503</right><top>1566</top></bbox><flags>33</flags><stemv>0</stemv><italicangle>0</italicangle><subtype>TYPE0</subtype><multibyte-extras><cid-type>CIDFontType2</cid-type><default-width>0</default-width><bfranges><bf gi="3" ue="32" us="32"/><bf gi="4" ue="41" us="40"/><bf gi="6" ue="47" us="47"/><bf gi="7" ue="93" us="91"/><bf gi="10" ue="95" us="95"/><bf gi="11" ue="123" us="123"/><bf gi="12" ue="125" us="125"/><bf gi="13" ue="160" us="160"/><bf gi="14" ue="711" us="710"/><bf gi="16" ue="732" us="732"/><bf gi="17" ue="759" us="759"/><bf gi="18" ue="771" us="770"/><bf gi="20" ue="773" us="773"/><bf gi="21" ue="780" us="780"/><bf gi="22" ue="816" us="816"/><bf gi="23" ue="818" us="818"/><bf gi="24" ue="824" us="824"/><bf gi="25" ue="8254" us="8254"/><bf gi="26" ue="8401" us="8400"/><bf gi="28" ue="8407" us="8406"/><bf gi="30" ue="8431" us="8428"/><bf gi="34" ue="8512" us="8512"/><bf gi="35" ue="8721" us="8719"/><bf gi="38" ue="8732" us="8730"/><bf gi="41" ue="8899" us="8896"/><bf gi="45" ue="8971" us="8968"/><bf gi="49" ue="8993" us="8992"/><bf gi="51" ue="9134" us="9115"/><bf gi="71" ue="9141" us="9136"/><bf gi="77" ue="9145" us="9143"/><bf gi="80" ue="9185" us="9180"/><bf gi="86" ue="10099" us="10098"/><bf gi="88" ue="10219" us="10214"/><bf gi="94" ue="10630" us="10627"/><bf gi="98" ue="10745" us="10744"/><bf gi="100" ue="10762" us="10752"/><bf gi="111" ue="11004" us="11004"/><bf gi="112" ue="11007" us="11007"/><bf gi="0" ue="65535" us="65535"/></bfranges><cid-widths start-index="0"><wx w="250" xMax="0" xMin="0" yMax="0" yMin="0"/><wx w="0" xMax="0" xMin="0" yMax="0" yMin="0"/><wx w="333" xMax="0" xMin="0" yMax="0" yMin="0"/><wx w="250" xMax="0" xMin="0" yMax="0" yMin="0"/><wx w="468" xMax="382" xMin="139" yMax="1066" yMin="-164"/><wx w="468" xMax="329" xMin="86" yMax="1066" yMin="-164"/><wx w="579" xMax="552" xMin="25" yMax="1066" yMin="-164"/><wx w="383" xMax="363" xMin="180" yMax="1066" yMin="-164"/><wx w="579" xMax="552" xMin="27" yMax="1066" yMin="-164"/><wx w="383" xMax="203" xMin="20" yMax="1066" yMin="-164"/><wx w="1000" xMax="1000" xMin="0" yMax="-127" yMin="-177"/><wx w="575" xMax="466" xMin="114" yMax="1066" yMin="-164"/><wx w="575" xMax="461" xMin="109" yMax="1066" yMin="-164"/><wx w="250" xMax="0" xMin="0" yMax="0" yMin="0"/><wx w="560" xMax="560" xMin="0" yMax="767" yMin="554"/><wx w="560" xMax="560" xMin="0" yMax="767" yMin="554"/><wx w="558" xMax="558" xMin="-2" yMax="750" yMin="598"/><wx w="558" xMax="558" xMin="-2" yMax="-117" yMin="-269"/><wx w="0" xMax="-160" xMin="-720" yMax="767" yMin="554"/><wx w="0" xMax="-162" xMin="-722" yMax="750" yMin="598"/><wx w="0" xMax="0" xMin="-1000" yMax="820" yMin="770"/><wx w="0" xMax="-160" xMin="-720" yMax="767" yMin="554"/><wx w="0" xMax="-162" xMin="-722" yMax="-117" yMin="-269"/><wx w="0" xMax="0" xMin="-1000" yMax="-127" yMin="-177"/><wx w="0" xMax="-157" xMin="-720" yMax="532" yMin="-21"/><wx w="1000" xMax="1000" xMin="0" yMax="820" yMin="770"/><wx w="0" xMax="-21" xMin="-892" yMax="749" yMin="584"/><wx w="0" xMax="-22" xMin="-893" yMax="749" yMin="584"/><wx w="0" xMax="-21" xMin="-893" yMax="735" yMin="482"/><wx w="0" xMax="-21" xMin="-893" yMax="736" yMin="482"/><wx w="0" xMax="-22" xMin="-893" yMax="-123" yMin="-288"/><wx w="0" xMax="-21" xMin="-892" yMax="-123" yMin="-288"/><wx w="0" xMax="-21" xMin="-893" yMax="-26" yMin="-279"/><wx w="0" xMax="-21" xMin="-893" yMax="-25" yMin="-279"/><wx w="1259" xMax="1204" xMin="55" yMax="1500" yMin="50"/><wx w="1355" xMax="1305" xMin="50" yMax="1500" yMin="49"/><wx w="1355" xMax="1305" xMin="50" yMax="1500" yMin="49"/><wx w="1292" xMax="1202" xMin="90" yMax="1499" yMin="49"/><wx w="1057" xMax="1089" xMin="112" yMax="1552" yMin="-295"/><wx w="1057" xMax="1089" xMin="112" yMax="1552" yMin="-295"/><wx w="1057" xMax="1089" xMin="112" yMax="1552" yMin="-295"/><wx w="1265" xMax="1205" xMin="60" yMax="1500" yMin="49"/><wx w="1265" xMax="1205" xMin="60" yMax="1500" yMin="49"/><wx w="1265" xMax="1147" xMin="118" yMax="1510" yMin="49"/><wx w="1265" xMax="1147" xMin="118" yMax="1500" yMin="39"/><wx w="453" xMax="426" xMin="180" yMax="1066" yMin="-164"/><wx w="453" xMax="273" xMin="25" yMax="1066" yMin="-164"/><wx w="453" xMax="428" xMin="180" yMax="1066" yMin="-164"/><wx w="453" xMax="273" xMin="27" yMax="1066" yMin="-164"/><wx w="688" xMax="574" xMin="294" yMax="1066" yMin="-79"/><wx w="688" xMax="394" xMin="115" yMax="1086" yMin="-59"/><wx w="450" xMax="400" xMin="50" yMax="700" yMin="-305"/><wx w="450" xMax="174" xMin="50" yMax="705" yMin="-305"/><wx w="450" xMax="400" xMin="50" yMax="705" yMin="-300"/><wx w="450" xMax="400" xMin="50" yMax="700" yMin="-305"/><wx w="450" xMax="400" xMin="276" yMax="705" yMin="-305"/><wx w="450" xMax="400" xMin="50" yMax="705" yMin="-300"/><wx w="450" xMax="415" xMin="50" yMax="682" yMin="-323"/><wx w="450" xMax="150" xMin="50" yMax="687" yMin="-323"/><wx w="450" xMax="415" xMin="50" yMax="687" yMin="-318"/><wx w="450" xMax="400" xMin="35" yMax="682" yMin="-323"/><wx w="450" xMax="400" xMin="300" yMax="687" yMin="-323"/><wx w="450" xMax="400" xMin="35" yMax="687" yMin="-318"/><wx w="640" xMax="600" xMin="260" yMax="700" yMin="-305"/><wx w="640" xMax="380" xMin="40" yMax="705" yMin="-305"/><wx w="640" xMax="600" xMin="260" yMax="705" yMin="-300"/><wx w="640" xMax="380" xMin="260" yMax="705" yMin="-305"/><wx w="640" xMax="380" xMin="40" yMax="700" yMin="-305"/><wx w="640" xMax="600" xMin="260" yMax="705" yMin="-305"/><wx w="640" xMax="380" xMin="40" yMax="705" yMin="-300"/><wx w="688" xMax="394" xMin="294" yMax="610" yMin="-25"/><wx w="600" xMax="566" xMin="35" yMax="700" yMin="-301"/><wx w="600" xMax="566" xMin="35" yMax="700" yMin="-301"/><wx w="1482" xMax="1292" xMin="92" yMax="1500" yMin="-5"/><wx w="1482" xMax="1366" xMin="92" yMax="1500" yMin="-5"/><wx w="1063" xMax="994" xMin="69" yMax="766" yMin="544"/><wx w="1063" xMax="993" xMin="68" yMax="139" yMin="-83"/><wx w="1184" xMax="895" xMin="112" yMax="1510" yMin="-345"/><wx w="721" xMax="66" xMin="0" yMax="1566" yMin="-289"/><wx w="721" xMax="721" xMin="655" yMax="1566" yMin="-289"/><wx w="926" xMax="926" xMin="0" yMax="60" yMin="-153"/><wx w="926" xMax="926" xMin="0" yMax="777" yMin="564"/><wx w="926" xMax="925" xMin="0" yMax="136" yMin="-89"/><wx w="926" xMax="925" xMin="0" yMax="789" yMin="564"/><wx w="1460" xMax="1460" xMin="0" yMax="66" yMin="-212"/><wx w="1460" xMax="1460" xMin="0" yMax="842" yMin="564"/><wx w="566" xMax="539" xMin="205" yMax="1066" yMin="-164"/><wx w="566" xMax="361" xMin="27" yMax="1066" yMin="-164"/><wx w="515" xMax="486" xMin="180" yMax="1066" yMin="-164"/><wx w="515" xMax="335" xMin="29" yMax="1066" yMin="-164"/><wx w="578" xMax="462" xMin="116" yMax="1066" yMin="-164"/><wx w="578" xMax="462" xMin="116" yMax="1066" yMin="-164"/><wx w="798" xMax="670" xMin="116" yMax="1066" yMin="-164"/><wx w="798" xMax="682" xMin="128" yMax="1066" yMin="-164"/><wx w="712" xMax="587" xMin="114" yMax="1066" yMin="-164"/><wx w="712" xMax="587" xMin="114" yMax="1066" yMin="-164"/><wx w="632" xMax="546" xMin="135" yMax="1066" yMin="-164"/><wx w="632" xMax="497" xMin="86" yMax="1066" yMin="-164"/><wx w="806" xMax="781" xMin="25" yMax="1566" yMin="-279"/><wx w="806" xMax="781" xMin="25" yMax="1566" yMin="-279"/><wx w="1555" xMax="1503" xMin="52" yMax="1500" yMin="49"/><wx w="1555" xMax="1503" xMin="52" yMax="1500" yMin="49"/><wx w="1555" xMax="1503" xMin="52" yMax="1500" yMin="49"/><wx w="1265" xMax="1147" xMin="118" yMax="1500" yMin="39"/><wx w="1265" xMax="1147" xMin="118" yMax="1500" yMin="39"/><wx w="1153" xMax="1071" xMin="82" yMax="1500" yMin="49"/><wx w="1153" xMax="1071" xMin="82" yMax="1500" yMin="49"/><wx w="1530" xMax="1470" xMin="60" yMax="1500" yMin="49"/><wx w="1530" xMax="1470" xMin="60" yMax="1500" yMin="49"/><wx w="1482" xMax="1422" xMin="60" yMax="1500" yMin="49"/><wx w="1292" xMax="1202" xMin="90" yMax="1500" yMin="50"/><wx w="690" xMax="557" xMin="133" yMax="867" yMin="-363"/><wx w="410" xMax="310" xMin="100" yMax="867" yMin="-363"/></cid-widths></multibyte-extras></font-metrics>