<?xml version="1.0" encoding="UTF-8"?><font-metrics metrics-version="2" type="TYPE0"><font-name>STIXVariants-Regular</font-name><full-name>STIXVariants-Regular</full-name><family-name>STIXVariants</family-name><embed/><cap-height>0</cap-height><x-height>80</x-height><ascender>750</ascender><descender>-250</descender><bbox><left>0</left><bottom>-321</bottom><right>1096</right><top>946</top></bbox><flags>33</flags><stemv>0</stemv><italicangle>0</italicangle><subtype>TYPE0</subtype><multibyte-extras><cid-type>CIDFontType2</cid-type><default-width>0</default-width><bfranges><bf gi="3" ue="32" us="32"/><bf gi="4" ue="119" us="119"/><bf gi="5" ue="124" us="124"/><bf gi="6" ue="160" us="160"/><bf gi="7" ue="411" us="411"/><bf gi="8" ue="612" us="612"/><bf gi="9" ue="8247" us="8242"/><bf gi="15" ue="8279" us="8279"/><bf gi="16" ue="8463" us="8463"/><bf gi="17" ue="8512" us="8512"/><bf gi="18" ue="8595" us="8592"/><bf gi="22" ue="8657" us="8657"/><bf gi="23" ue="8659" us="8659"/><bf gi="24" ue="8672" us="8672"/><bf gi="25" ue="8674" us="8674"/><bf gi="26" ue="8709" us="8709"/><bf gi="27" ue="8713" us="8712"/><bf gi="29" ue="8716" us="8715"/><bf gi="31" ue="8721" us="8719"/><bf gi="34" ue="8726" us="8726"/><bf gi="35" ue="8733" us="8730"/><bf gi="39" ue="8742" us="8739"/><bf gi="43" ue="8746" us="8745"/><bf gi="45" ue="8764" us="8764"/><bf gi="46" ue="8767" us="8766"/><bf gi="48" ue="8769" us="8769"/><bf gi="49" ue="8772" us="8772"/><bf gi="50" ue="8777" us="8775"/><bf gi="53" ue="8780" us="8780"/><bf gi="54" ue="8800" us="8800"/><bf gi="55" ue="8802" us="8802"/><bf gi="56" ue="8809" us="8808"/><bf gi="58" ue="8821" us="8813"/><bf gi="67" ue="8825" us="8824"/><bf gi="69" ue="8833" us="8832"/><bf gi="71" ue="8837" us="8836"/><bf gi="73" ue="8843" us="8840"/><bf gi="77" ue="8853" us="8851"/><bf gi="80" ue="8855" us="8855"/><bf gi="81" ue="8860" us="8860"/><bf gi="82" ue="8923" us="8922"/><bf gi="84" ue="8929" us="8928"/><bf gi="86" ue="8941" us="8940"/><bf gi="88" ue="8995" us="8994"/><bf gi="90" ue="9251" us="9251"/><bf gi="91" ue="9641" us="9641"/><bf gi="92" ue="10813" us="10812"/><bf gi="94" ue="10910" us="10909"/><bf gi="96" ue="10925" us="10924"/><bf gi="98" ue="10956" us="10955"/><bf gi="100" ue="10990" us="10990"/><bf gi="0" ue="65535" us="65535"/></bfranges><cid-widths start-index="0"><wx w="250" xMax="0" xMin="0" yMax="0" yMin="0"/><wx w="0" xMax="0" xMin="0" yMax="0" yMin="0"/><wx w="333" xMax="0" xMin="0" yMax="0" yMin="0"/><wx w="250" xMax="0" xMin="0" yMax="0" yMin="0"/><wx w="515" xMax="493" xMin="22" yMax="80" yMin="-244"/><wx w="320" xMax="193" xMin="127" yMax="690" yMin="-189"/><wx w="250" xMax="0" xMin="0" yMax="0" yMin="0"/><wx w="520" xMax="516" xMin="55" yMax="668" yMin="0"/><wx w="460" xMax="441" xMin="18" yMax="450" yMin="-10"/><wx w="340" xMax="295" xMin="44" yMax="565" yMin="28"/><wx w="605" xMax="561" xMin="43" yMax="565" yMin="28"/><wx w="873" xMax="829" xMin="43" yMax="565" yMin="28"/><wx w="340" xMax="296" xMin="45" yMax="565" yMin="28"/><wx w="605" xMax="561" xMin="44" yMax="565" yMin="28"/><wx w="873" xMax="829" xMin="43" yMax="565" yMin="28"/><wx w="1139" xMax="1096" xMin="43" yMax="565" yMin="28"/><wx w="579" xMax="547" xMin="47" yMax="683" yMin="-10"/><wx w="718" xMax="668" xMin="50" yMax="662" yMin="0"/><wx w="415" xMax="415" xMin="55" yMax="449" yMin="57"/><wx w="598" xMax="518" xMin="82" yMax="600" yMin="-15"/><wx w="415" xMax="360" xMin="0" yMax="449" yMin="57"/><wx w="598" xMax="516" xMin="80" yMax="600" yMin="-15"/><wx w="794" xMax="729" xMin="63" yMax="600" yMin="-15"/><wx w="794" xMax="731" xMin="65" yMax="600" yMin="-15"/><wx w="463" xMax="393" xMin="70" yMax="449" yMin="58"/><wx w="463" xMax="393" xMin="70" yMax="449" yMin="58"/><wx w="523" xMax="502" xMin="28" yMax="729" yMin="-74"/><wx w="402" xMax="338" xMin="64" yMax="516" yMin="-13"/><wx w="685" xMax="625" xMin="60" yMax="662" yMin="-156"/><wx w="402" xMax="338" xMin="64" yMax="516" yMin="-13"/><wx w="685" xMax="625" xMin="60" yMax="662" yMin="-156"/><wx w="694" xMax="664" xMin="30" yMax="662" yMin="0"/><wx w="694" xMax="664" xMin="30" yMax="662" yMin="0"/><wx w="694" xMax="656" xMin="38" yMax="662" yMin="0"/><wx w="523" xMax="478" xMin="46" yMax="710" yMin="-222"/><wx w="737" xMax="767" xMin="67" yMax="943" yMin="-11"/><wx w="737" xMax="767" xMin="72" yMax="946" yMin="55"/><wx w="737" xMax="767" xMin="72" yMax="943" yMin="55"/><wx w="685" xMax="646" xMin="41" yMax="428" yMin="0"/><wx w="266" xMax="166" xMin="100" yMax="451" yMin="-19"/><wx w="404" xMax="381" xMin="23" yMax="451" yMin="-19"/><wx w="446" xMax="356" xMin="90" yMax="451" yMin="-11"/><wx w="609" xMax="586" xMin="23" yMax="451" yMin="-19"/><wx w="620" xMax="610" xMin="10" yMax="602" yMin="-31"/><wx w="620" xMax="610" xMin="10" yMax="602" yMin="-31"/><wx w="685" xMax="637" xMin="48" yMax="362" yMin="148"/><wx w="1086" xMax="1031" xMin="55" yMax="344" yMin="130"/><wx w="520" xMax="586" xMin="0" yMax="461" yMin="43"/><wx w="685" xMax="637" xMin="48" yMax="462" yMin="48"/><wx w="685" xMax="637" xMin="48" yMax="529" yMin="-35"/><wx w="685" xMax="637" xMin="48" yMax="606" yMin="-117"/><wx w="685" xMax="637" xMin="48" yMax="475" yMin="25"/><wx w="685" xMax="637" xMin="48" yMax="549" yMin="-49"/><wx w="685" xMax="637" xMin="48" yMax="586" yMin="-82"/><wx w="685" xMax="637" xMin="48" yMax="662" yMin="-156"/><wx w="685" xMax="637" xMin="48" yMax="662" yMin="-156"/><wx w="685" xMax="621" xMin="56" yMax="718" yMin="-275"/><wx w="685" xMax="621" xMin="56" yMax="718" yMin="-275"/><wx w="685" xMax="637" xMin="48" yMax="572" yMin="-66"/><wx w="685" xMax="612" xMin="47" yMax="662" yMin="-156"/><wx w="685" xMax="638" xMin="73" yMax="662" yMin="-156"/><wx w="685" xMax="621" xMin="56" yMax="695" yMin="-189"/><wx w="685" xMax="629" xMin="64" yMax="695" yMin="-189"/><wx w="685" xMax="632" xMin="10" yMax="673" yMin="-103"/><wx w="685" xMax="624" xMin="58" yMax="673" yMin="-144"/><wx w="685" xMax="637" xMin="48" yMax="730" yMin="-227"/><wx w="685" xMax="650" xMin="48" yMax="730" yMin="-227"/><wx w="685" xMax="621" xMin="56" yMax="818" yMin="-311"/><wx w="685" xMax="620" xMin="55" yMax="818" yMin="-311"/><wx w="685" xMax="621" xMin="64" yMax="662" yMin="-156"/><wx w="685" xMax="621" xMin="64" yMax="662" yMin="-156"/><wx w="685" xMax="620" xMin="55" yMax="662" yMin="-156"/><wx w="685" xMax="630" xMin="65" yMax="662" yMin="-156"/><wx w="695" xMax="630" xMin="65" yMax="707" yMin="-203"/><wx w="695" xMax="630" xMin="65" yMax="707" yMin="-203"/><wx w="685" xMax="616" xMin="51" yMax="607" yMin="-229"/><wx w="685" xMax="634" xMin="69" yMax="607" yMin="-229"/><wx w="620" xMax="610" xMin="10" yMax="536" yMin="-31"/><wx w="620" xMax="610" xMin="10" yMax="536" yMin="-31"/><wx w="842" xMax="792" xMin="50" yMax="623" yMin="-119"/><wx w="842" xMax="792" xMin="50" yMax="623" yMin="-119"/><wx w="842" xMax="792" xMin="50" yMax="623" yMin="-119"/><wx w="685" xMax="625" xMin="60" yMax="768" yMin="-262"/><wx w="685" xMax="625" xMin="60" yMax="768" yMin="-262"/><wx w="685" xMax="625" xMin="60" yMax="803" yMin="-212"/><wx w="685" xMax="625" xMin="60" yMax="803" yMin="-212"/><wx w="685" xMax="611" xMin="54" yMax="695" yMin="-189"/><wx w="685" xMax="631" xMin="74" yMax="695" yMin="-189"/><wx w="685" xMax="637" xMin="48" yMax="386" yMin="120"/><wx w="685" xMax="637" xMin="48" yMax="386" yMin="120"/><wx w="500" xMax="453" xMin="48" yMax="22" yMin="-119"/><wx w="910" xMax="865" xMin="45" yMax="662" yMin="-158"/><wx w="463" xMax="411" xMin="51" yMax="633" yMin="-129"/><wx w="463" xMax="411" xMin="51" yMax="633" yMin="-129"/><wx w="685" xMax="627" xMin="49" yMax="647" yMin="-166"/><wx w="685" xMax="676" xMin="54" yMax="615" yMin="-166"/><wx w="685" xMax="625" xMin="60" yMax="625" yMin="-137"/><wx w="685" xMax="625" xMin="60" yMax="625" yMin="-137"/><wx w="685" xMax="629" xMin="64" yMax="718" yMin="-321"/><wx w="685" xMax="639" xMin="74" yMax="718" yMin="-321"/><wx w="404" xMax="381" xMin="23" yMax="451" yMin="-19"/></cid-widths></multibyte-extras></font-metrics>