<?xml version="1.0" encoding="UTF-8"?><font-metrics metrics-version="2" type="TYPE0"><font-name>STIXIntegralsUpSm-Bold</font-name><full-name>STIXIntegralsUpSm-Bold</full-name><family-name>STIXIntegralsUpSm</family-name><embed/><cap-height>0</cap-height><x-height>0</x-height><ascender>750</ascender><descender>-250</descender><bbox><left>8</left><bottom>-268</bottom><right>1224</right><top>802</top></bbox><flags>33</flags><stemv>0</stemv><italicangle>0</italicangle><subtype>TYPE0</subtype><multibyte-extras><cid-type>CIDFontType2</cid-type><default-width>0</default-width><bfranges><bf gi="3" ue="32" us="32"/><bf gi="4" ue="160" us="160"/><bf gi="5" ue="8755" us="8747"/><bf gi="14" ue="10780" us="10764"/><bf gi="0" ue="65535" us="65535"/></bfranges><cid-widths start-index="0"><wx w="250" xMax="0" xMin="0" yMax="0" yMin="0"/><wx w="0" xMax="0" xMin="0" yMax="0" yMin="0"/><wx w="333" xMax="0" xMin="0" yMax="0" yMin="0"/><wx w="250" xMax="0" xMin="0" yMax="0" yMin="0"/><wx w="250" xMax="0" xMin="0" yMax="0" yMin="0"/><wx w="396" xMax="414" xMin="52" yMax="732" yMin="-193"/><wx w="666" xMax="684" xMin="52" yMax="732" yMin="-193"/><wx w="936" xMax="954" xMin="52" yMax="732" yMin="-193"/><wx w="466" xMax="426" xMin="52" yMax="732" yMin="-193"/><wx w="736" xMax="696" xMin="52" yMax="732" yMin="-193"/><wx w="998" xMax="965" xMin="52" yMax="732" yMin="-193"/><wx w="501" xMax="468" xMin="52" yMax="732" yMin="-193"/><wx w="501" xMax="469" xMin="52" yMax="732" yMin="-193"/><wx w="496" xMax="486" xMin="52" yMax="732" yMin="-193"/><wx w="1206" xMax="1224" xMin="52" yMax="732" yMin="-193"/><wx w="450" xMax="420" xMin="52" yMax="732" yMin="-193"/><wx w="450" xMax="420" xMin="52" yMax="732" yMin="-193"/><wx w="550" xMax="518" xMin="40" yMax="732" yMin="-193"/><wx w="479" xMax="447" xMin="52" yMax="732" yMin="-193"/><wx w="511" xMax="478" xMin="52" yMax="732" yMin="-193"/><wx w="489" xMax="449" xMin="52" yMax="732" yMin="-193"/><wx w="487" xMax="447" xMin="52" yMax="732" yMin="-193"/><wx w="572" xMax="534" xMin="52" yMax="732" yMin="-193"/><wx w="520" xMax="480" xMin="52" yMax="732" yMin="-193"/><wx w="523" xMax="483" xMin="52" yMax="732" yMin="-193"/><wx w="600" xMax="646" xMin="8" yMax="732" yMin="-193"/><wx w="505" xMax="467" xMin="31" yMax="733" yMin="-192"/><wx w="516" xMax="476" xMin="52" yMax="732" yMin="-193"/><wx w="516" xMax="476" xMin="52" yMax="732" yMin="-193"/><wx w="403" xMax="428" xMin="40" yMax="802" yMin="-193"/><wx w="411" xMax="440" xMin="52" yMax="732" yMin="-268"/></cid-widths></multibyte-extras></font-metrics>