<?xml version="1.0" encoding="UTF-8"?><font-metrics metrics-version="2" type="TYPE0"><font-name>STIXSizeFourSym-Bold</font-name><full-name>STIXSizeFourSym-Bold</full-name><family-name>STIXSizeFourSym</family-name><embed/><cap-height>0</cap-height><x-height>0</x-height><ascender>750</ascender><descender>-250</descender><bbox><left>3</left><bottom>-471</bottom><right>1318</right><top>2604</top></bbox><flags>33</flags><stemv>0</stemv><italicangle>0</italicangle><subtype>TYPE0</subtype><multibyte-extras><cid-type>CIDFontType2</cid-type><default-width>0</default-width><bfranges><bf gi="3" ue="32" us="32"/><bf gi="4" ue="41" us="40"/><bf gi="6" ue="47" us="47"/><bf gi="7" ue="93" us="91"/><bf gi="10" ue="123" us="123"/><bf gi="11" ue="125" us="125"/><bf gi="12" ue="160" us="160"/><bf gi="13" ue="8730" us="8730"/><bf gi="14" ue="8971" us="8968"/><bf gi="18" ue="10217" us="10216"/><bf gi="0" ue="65535" us="65535"/></bfranges><cid-widths start-index="0"><wx w="250" xMax="0" xMin="0" yMax="0" yMin="0"/><wx w="0" xMax="0" xMin="0" yMax="0" yMin="0"/><wx w="333" xMax="0" xMin="0" yMax="0" yMin="0"/><wx w="250" xMax="0" xMin="0" yMax="0" yMin="0"/><wx w="818" xMax="761" xMin="115" yMax="2604" yMin="-471"/><wx w="818" xMax="703" xMin="57" yMax="2604" yMin="-471"/><wx w="1321" xMax="1318" xMin="3" yMax="2604" yMin="-471"/><wx w="699" xMax="691" xMin="314" yMax="2604" yMin="-471"/><wx w="1321" xMax="1318" xMin="3" yMax="2604" yMin="-471"/><wx w="699" xMax="385" xMin="8" yMax="2604" yMin="-471"/><wx w="1119" xMax="944" xMin="197" yMax="2604" yMin="-471"/><wx w="1119" xMax="922" xMin="175" yMax="2604" yMin="-471"/><wx w="250" xMax="0" xMin="0" yMax="0" yMin="0"/><wx w="1184" xMax="915" xMin="101" yMax="1510" yMin="-345"/><wx w="720" xMax="712" xMin="314" yMax="2604" yMin="-471"/><wx w="720" xMax="406" xMin="8" yMax="2604" yMin="-471"/><wx w="720" xMax="712" xMin="314" yMax="2604" yMin="-471"/><wx w="720" xMax="406" xMin="8" yMax="2604" yMin="-471"/><wx w="908" xMax="841" xMin="120" yMax="2604" yMin="-471"/><wx w="908" xMax="788" xMin="67" yMax="2604" yMin="-471"/></cid-widths></multibyte-extras></font-metrics>