<?xml version="1.0" encoding="UTF-8"?><font-metrics metrics-version="2" type="TYPE0"><font-name>STIXIntegralsD-Regular</font-name><full-name>STIXIntegralsD-Regular</full-name><family-name>STIXIntegralsD</family-name><embed/><cap-height>0</cap-height><x-height>0</x-height><ascender>750</ascender><descender>-250</descender><bbox><left>24</left><bottom>-426</bottom><right>1965</right><top>2157</top></bbox><flags>33</flags><stemv>0</stemv><italicangle>0</italicangle><subtype>TYPE0</subtype><multibyte-extras><cid-type>CIDFontType2</cid-type><default-width>0</default-width><bfranges><bf gi="3" ue="32" us="32"/><bf gi="4" ue="160" us="160"/><bf gi="5" ue="8755" us="8747"/><bf gi="14" ue="10780" us="10763"/><bf gi="0" ue="65535" us="65535"/></bfranges><cid-widths start-index="0"><wx w="250" xMax="0" xMin="0" yMax="0" yMin="0"/><wx w="0" xMax="0" xMin="0" yMax="0" yMin="0"/><wx w="333" xMax="0" xMin="0" yMax="0" yMin="0"/><wx w="250" xMax="0" xMin="0" yMax="0" yMin="0"/><wx w="250" xMax="0" xMin="0" yMax="0" yMin="0"/><wx w="585" xMax="1035" xMin="56" yMax="2000" yMin="-269"/><wx w="895" xMax="1345" xMin="56" yMax="2000" yMin="-269"/><wx w="1205" xMax="1655" xMin="56" yMax="2000" yMin="-269"/><wx w="635" xMax="1035" xMin="56" yMax="2000" yMin="-269"/><wx w="945" xMax="1345" xMin="56" yMax="2000" yMin="-269"/><wx w="1255" xMax="1655" xMin="56" yMax="2000" yMin="-269"/><wx w="635" xMax="1035" xMin="56" yMax="2000" yMin="-269"/><wx w="635" xMax="1035" xMin="56" yMax="2000" yMin="-269"/><wx w="635" xMax="1035" xMin="56" yMax="2000" yMin="-269"/><wx w="914" xMax="1035" xMin="56" yMax="2000" yMin="-269"/><wx w="1515" xMax="1965" xMin="56" yMax="2000" yMin="-269"/><wx w="635" xMax="1035" xMin="56" yMax="2000" yMin="-269"/><wx w="635" xMax="1035" xMin="56" yMax="2000" yMin="-269"/><wx w="635" xMax="1035" xMin="56" yMax="2000" yMin="-269"/><wx w="635" xMax="1035" xMin="56" yMax="2000" yMin="-269"/><wx w="635" xMax="1035" xMin="56" yMax="2000" yMin="-269"/><wx w="735" xMax="1035" xMin="56" yMax="2000" yMin="-269"/><wx w="635" xMax="1035" xMin="56" yMax="2000" yMin="-269"/><wx w="844" xMax="1054" xMin="56" yMax="2000" yMin="-269"/><wx w="635" xMax="1035" xMin="56" yMax="2000" yMin="-269"/><wx w="735" xMax="1035" xMin="56" yMax="2000" yMin="-269"/><wx w="819" xMax="1039" xMin="24" yMax="2000" yMin="-269"/><wx w="635" xMax="1035" xMin="56" yMax="2000" yMin="-269"/><wx w="735" xMax="1035" xMin="56" yMax="2000" yMin="-269"/><wx w="735" xMax="1035" xMin="56" yMax="2000" yMin="-269"/><wx w="636" xMax="1036" xMin="56" yMax="2157" yMin="-269"/><wx w="585" xMax="1035" xMin="56" yMax="2000" yMin="-426"/></cid-widths></multibyte-extras></font-metrics>