<?xml version="1.0" encoding="UTF-8"?><font-metrics metrics-version="2" type="TYPE0"><font-name>STIXNonUnicode-Italic</font-name><full-name>STIXNonUnicode-Italic</full-name><family-name>STIXNonUnicode</family-name><embed/><cap-height>0</cap-height><x-height>0</x-height><ascender>750</ascender><descender>-250</descender><bbox><left>-141</left><bottom>-240</bottom><right>1128</right><top>795</top></bbox><flags>97</flags><stemv>0</stemv><italicangle>-17</italicangle><subtype>TYPE0</subtype><multibyte-extras><cid-type>CIDFontType2</cid-type><default-width>0</default-width><bfranges><bf gi="3" ue="32" us="32"/><bf gi="4" ue="160" us="160"/><bf gi="5" ue="57502" us="57500"/><bf gi="8" ue="57523" us="57523"/><bf gi="9" ue="57723" us="57684"/><bf gi="49" ue="57845" us="57780"/><bf gi="115" ue="57926" us="57901"/><bf gi="141" ue="57954" us="57954"/><bf gi="142" ue="57958" us="57958"/><bf gi="143" ue="57962" us="57962"/><bf gi="144" ue="57966" us="57966"/><bf gi="145" ue="57970" us="57970"/><bf gi="146" ue="57974" us="57974"/><bf gi="147" ue="57978" us="57978"/><bf gi="148" ue="57982" us="57982"/><bf gi="149" ue="57986" us="57986"/><bf gi="150" ue="57990" us="57990"/><bf gi="151" ue="58004" us="58004"/><bf gi="152" ue="58006" us="58006"/><bf gi="153" ue="58008" us="58008"/><bf gi="154" ue="58010" us="58010"/><bf gi="155" ue="58012" us="58012"/><bf gi="156" ue="58014" us="58014"/><bf gi="157" ue="58016" us="58016"/><bf gi="158" ue="58018" us="58018"/><bf gi="159" ue="58020" us="58020"/><bf gi="160" ue="58022" us="58022"/><bf gi="161" ue="58024" us="58024"/><bf gi="162" ue="58026" us="58026"/><bf gi="163" ue="58028" us="58028"/><bf gi="164" ue="58030" us="58030"/><bf gi="165" ue="58032" us="58032"/><bf gi="166" ue="58034" us="58034"/><bf gi="167" ue="58036" us="58036"/><bf gi="168" ue="58038" us="58038"/><bf gi="169" ue="58040" us="58040"/><bf gi="170" ue="58042" us="58042"/><bf gi="171" ue="58044" us="58044"/><bf gi="172" ue="58046" us="58046"/><bf gi="173" ue="58048" us="58048"/><bf gi="174" ue="58050" us="58050"/><bf gi="175" ue="58052" us="58052"/><bf gi="176" ue="58054" us="58054"/><bf gi="177" ue="58056" us="58056"/><bf gi="178" ue="58058" us="58058"/><bf gi="179" ue="58060" us="58060"/><bf gi="180" ue="58062" us="58062"/><bf gi="181" ue="58064" us="58064"/><bf gi="182" ue="58066" us="58066"/><bf gi="183" ue="58068" us="58068"/><bf gi="184" ue="58070" us="58070"/><bf gi="185" ue="58072" us="58072"/><bf gi="186" ue="58074" us="58074"/><bf gi="187" ue="58076" us="58076"/><bf gi="188" ue="58078" us="58078"/><bf gi="189" ue="58080" us="58080"/><bf gi="190" ue="58082" us="58082"/><bf gi="191" ue="58084" us="58084"/><bf gi="192" ue="58086" us="58086"/><bf gi="193" ue="58088" us="58088"/><bf gi="194" ue="58090" us="58090"/><bf gi="195" ue="58092" us="58092"/><bf gi="196" ue="58094" us="58094"/><bf gi="197" ue="58096" us="58096"/><bf gi="198" ue="58098" us="58098"/><bf gi="199" ue="58100" us="58100"/><bf gi="200" ue="58102" us="58102"/><bf gi="201" ue="58104" us="58104"/><bf gi="202" ue="58106" us="58106"/><bf gi="203" ue="58156" us="58156"/><bf gi="204" ue="58158" us="58158"/><bf gi="205" ue="58160" us="58160"/><bf gi="206" ue="58162" us="58162"/><bf gi="207" ue="58164" us="58164"/><bf gi="208" ue="58166" us="58166"/><bf gi="209" ue="58168" us="58168"/><bf gi="210" ue="58170" us="58170"/><bf gi="211" ue="58172" us="58172"/><bf gi="212" ue="58174" us="58174"/><bf gi="213" ue="58176" us="58176"/><bf gi="214" ue="58178" us="58178"/><bf gi="215" ue="58180" us="58180"/><bf gi="216" ue="58182" us="58182"/><bf gi="217" ue="58184" us="58184"/><bf gi="218" ue="58186" us="58186"/><bf gi="219" ue="58188" us="58188"/><bf gi="220" ue="58190" us="58190"/><bf gi="221" ue="58192" us="58192"/><bf gi="222" ue="58194" us="58194"/><bf gi="223" ue="58196" us="58196"/><bf gi="224" ue="58198" us="58198"/><bf gi="225" ue="58200" us="58200"/><bf gi="226" ue="58202" us="58202"/><bf gi="227" ue="58204" us="58204"/><bf gi="228" ue="58206" us="58206"/><bf gi="229" ue="58208" us="58208"/><bf gi="230" ue="58210" us="58210"/><bf gi="231" ue="58214" us="58214"/><bf gi="232" ue="58218" us="58218"/><bf gi="233" ue="58222" us="58222"/><bf gi="234" ue="58226" us="58226"/><bf gi="235" ue="58228" us="58228"/><bf gi="236" ue="58230" us="58230"/><bf gi="237" ue="58232" us="58232"/><bf gi="238" ue="58234" us="58234"/><bf gi="239" ue="58237" us="58237"/><bf gi="240" ue="58239" us="58239"/><bf gi="241" ue="58241" us="58241"/><bf gi="242" ue="58243" us="58243"/><bf gi="243" ue="58245" us="58245"/><bf gi="244" ue="58247" us="58247"/><bf gi="245" ue="58249" us="58249"/><bf gi="0" ue="65535" us="65535"/></bfranges><cid-widths start-index="0"><wx w="250" xMax="0" xMin="0" yMax="0" yMin="0"/><wx w="0" xMax="0" xMin="0" yMax="0" yMin="0"/><wx w="333" xMax="0" xMin="0" yMax="0" yMin="0"/><wx w="250" xMax="0" xMin="0" yMax="0" yMin="0"/><wx w="250" xMax="0" xMin="0" yMax="0" yMin="0"/><wx w="753" xMax="787" xMin="37" yMax="756" yMin="-218"/><wx w="706" xMax="732" xMin="42" yMax="756" yMin="-218"/><wx w="624" xMax="724" xMin="42" yMax="756" yMin="-218"/><wx w="500" xMax="504" xMin="-141" yMax="681" yMin="-207"/><wx w="671" xMax="606" xMin="3" yMax="653" yMin="0"/><wx w="686" xMax="676" xMin="17" yMax="653" yMin="0"/><wx w="639" xMax="664" xMin="17" yMax="653" yMin="0"/><wx w="469" xMax="664" xMin="18" yMax="653" yMin="0"/><wx w="702" xMax="702" xMin="35" yMax="666" yMin="-18"/><wx w="320" xMax="350" xMin="21" yMax="653" yMin="0"/><wx w="562" xMax="595" xMin="16" yMax="653" yMin="-18"/><wx w="700" xMax="730" xMin="17" yMax="653" yMin="0"/><wx w="608" xMax="524" xMin="18" yMax="653" yMin="0"/><wx w="858" xMax="892" xMin="25" yMax="653" yMin="0"/><wx w="723" xMax="713" xMin="35" yMax="666" yMin="-18"/><wx w="624" xMax="669" xMin="24" yMax="666" yMin="-18"/><wx w="463" xMax="682" xMin="30" yMax="653" yMin="0"/><wx w="648" xMax="716" xMin="33" yMax="653" yMin="-14"/><wx w="492" xMax="678" xMin="75" yMax="653" yMin="0"/><wx w="810" xMax="963" xMin="100" yMax="653" yMin="0"/><wx w="650" xMax="770" xMin="-24" yMax="653" yMin="0"/><wx w="458" xMax="658" xMin="42" yMax="653" yMin="0"/><wx w="566" xMax="521" xMin="40" yMax="441" yMin="-11"/><wx w="598" xMax="558" xMin="27" yMax="683" yMin="-11"/><wx w="504" xMax="480" xMin="40" yMax="441" yMin="-11"/><wx w="331" xMax="519" xMin="28" yMax="683" yMin="0"/><wx w="599" xMax="572" xMin="9" yMax="441" yMin="-220"/><wx w="588" xMax="543" xMin="27" yMax="683" yMin="0"/><wx w="545" xMax="530" xMin="25" yMax="683" yMin="0"/><wx w="306" xMax="356" xMin="27" yMax="683" yMin="0"/><wx w="857" xMax="812" xMin="27" yMax="441" yMin="0"/><wx w="588" xMax="543" xMin="27" yMax="441" yMin="0"/><wx w="534" xMax="494" xMin="40" yMax="441" yMin="-11"/><wx w="628" xMax="588" xMin="5" yMax="441" yMin="-218"/><wx w="604" xMax="574" xMin="40" yMax="441" yMin="-218"/><wx w="332" xMax="467" xMin="27" yMax="442" yMin="0"/><wx w="502" xMax="468" xMin="34" yMax="441" yMin="-11"/><wx w="323" xMax="328" xMin="20" yMax="633" yMin="-10"/><wx w="588" xMax="556" xMin="40" yMax="428" yMin="-13"/><wx w="395" xMax="462" xMin="45" yMax="428" yMin="0"/><wx w="639" xMax="690" xMin="56" yMax="428" yMin="0"/><wx w="557" xMax="554" xMin="14" yMax="428" yMin="0"/><wx w="471" xMax="538" xMin="5" yMax="428" yMin="-218"/><wx w="540" xMax="530" xMin="21" yMax="428" yMin="0"/><wx w="500" xMax="578" xMin="86" yMax="676" yMin="-14"/><wx w="500" xMax="469" xMin="223" yMax="677" yMin="0"/><wx w="500" xMax="574" xMin="35" yMax="676" yMin="0"/><wx w="500" xMax="544" xMin="44" yMax="676" yMin="-14"/><wx w="500" xMax="547" xMin="52" yMax="676" yMin="0"/><wx w="500" xMax="626" xMin="49" yMax="676" yMin="-14"/><wx w="500" xMax="617" xMin="83" yMax="684" yMin="-14"/><wx w="500" xMax="616" xMin="146" yMax="662" yMin="-8"/><wx w="500" xMax="560" xMin="81" yMax="676" yMin="-14"/><wx w="500" xMax="579" xMin="51" yMax="676" yMin="-21"/><wx w="536" xMax="527" xMin="45" yMax="683" yMin="-10"/><wx w="660" xMax="632" xMin="28" yMax="674" yMin="0"/><wx w="662" xMax="627" xMin="60" yMax="662" yMin="0"/><wx w="562" xMax="665" xMin="60" yMax="662" yMin="0"/><wx w="660" xMax="632" xMin="28" yMax="674" yMin="0"/><wx w="639" xMax="664" xMin="60" yMax="662" yMin="0"/><wx w="698" xMax="760" xMin="25" yMax="662" yMin="0"/><wx w="700" xMax="735" xMin="60" yMax="662" yMin="0"/><wx w="780" xMax="755" xMin="75" yMax="676" yMin="-14"/><wx w="433" xMax="503" xMin="50" yMax="662" yMin="0"/><wx w="631" xMax="715" xMin="60" yMax="662" yMin="0"/><wx w="664" xMax="624" xMin="20" yMax="674" yMin="0"/><wx w="890" xMax="918" xMin="60" yMax="662" yMin="0"/><wx w="724" xMax="752" xMin="60" yMax="662" yMin="-14"/><wx w="722" xMax="754" xMin="47" yMax="662" yMin="0"/><wx w="780" xMax="755" xMin="75" yMax="676" yMin="-14"/><wx w="700" xMax="735" xMin="60" yMax="662" yMin="0"/><wx w="538" xMax="624" xMin="60" yMax="662" yMin="0"/><wx w="780" xMax="755" xMin="75" yMax="676" yMin="-14"/><wx w="654" xMax="706" xMin="21" yMax="662" yMin="0"/><wx w="585" xMax="659" xMin="72" yMax="662" yMin="0"/><wx w="593" xMax="725" xMin="83" yMax="676" yMin="0"/><wx w="736" xMax="736" xMin="52" yMax="662" yMin="0"/><wx w="722" xMax="795" xMin="20" yMax="662" yMin="0"/><wx w="712" xMax="805" xMin="105" yMax="681" yMin="0"/><wx w="795" xMax="795" xMin="39" yMax="676" yMin="0"/><wx w="586" xMax="616" xMin="47" yMax="463" yMin="-10"/><wx w="535" xMax="559" xMin="-12" yMax="683" yMin="-215"/><wx w="503" xMax="527" xMin="84" yMax="463" yMin="-216"/><wx w="497" xMax="537" xMin="30" yMax="683" yMin="-10"/><wx w="494" xMax="484" xMin="35" yMax="463" yMin="-10"/><wx w="429" xMax="454" xMin="32" yMax="683" yMin="-213"/><wx w="493" xMax="486" xMin="38" yMax="463" yMin="-215"/><wx w="518" xMax="511" xMin="65" yMax="683" yMin="-10"/><wx w="296" xMax="268" xMin="56" yMax="464" yMin="-10"/><wx w="472" xMax="517" xMin="38" yMax="464" yMin="0"/><wx w="536" xMax="502" xMin="18" yMax="683" yMin="-11"/><wx w="561" xMax="536" xMin="-9" yMax="453" yMin="-215"/><wx w="376" xMax="416" xMin="41" yMax="464" yMin="-14"/><wx w="434" xMax="464" xMin="43" yMax="683" yMin="-215"/><wx w="533" xMax="505" xMin="45" yMax="463" yMin="-10"/><wx w="565" xMax="589" xMin="45" yMax="453" yMin="-10"/><wx w="534" xMax="510" xMin="-33" yMax="462" yMin="-216"/><wx w="436" xMax="500" xMin="52" yMax="463" yMin="-212"/><wx w="607" xMax="625" xMin="45" yMax="453" yMin="-10"/><wx w="468" xMax="486" xMin="42" yMax="453" yMin="-10"/><wx w="514" xMax="490" xMin="61" yMax="463" yMin="-10"/><wx w="665" xMax="641" xMin="55" yMax="464" yMin="-216"/><wx w="514" xMax="552" xMin="-72" yMax="463" yMin="-215"/><wx w="654" xMax="705" xMin="75" yMax="461" yMin="-216"/><wx w="630" xMax="636" xMin="50" yMax="454" yMin="-10"/><wx w="462" xMax="467" xMin="45" yMax="463" yMin="-10"/><wx w="534" xMax="525" xMin="45" yMax="683" yMin="-12"/><wx w="648" xMax="630" xMin="48" yMax="684" yMin="-216"/><wx w="536" xMax="518" xMin="38" yMax="463" yMin="-216"/><wx w="795" xMax="811" xMin="40" yMax="453" yMin="-10"/><wx w="852" xMax="812" xMin="43" yMax="677" yMin="-45"/><wx w="724" xMax="709" xMin="35" yMax="670" yMin="-3"/><wx w="569" xMax="586" xMin="43" yMax="671" yMin="-11"/><wx w="801" xMax="788" xMin="34" yMax="662" yMin="0"/><wx w="553" xMax="599" xMin="40" yMax="670" yMin="-4"/><wx w="652" xMax="710" xMin="43" yMax="662" yMin="0"/><wx w="580" xMax="580" xMin="40" yMax="671" yMin="-131"/><wx w="831" xMax="845" xMin="41" yMax="664" yMin="-21"/><wx w="575" xMax="591" xMin="38" yMax="662" yMin="0"/><wx w="632" xMax="785" xMin="31" yMax="662" yMin="-120"/><wx w="809" xMax="783" xMin="30" yMax="670" yMin="-13"/><wx w="693" xMax="653" xMin="30" yMax="670" yMin="-7"/><wx w="1166" xMax="1128" xMin="40" yMax="671" yMin="-45"/><wx w="957" xMax="1064" xMin="40" yMax="795" yMin="-37"/><wx w="737" xMax="729" xMin="38" yMax="669" yMin="-10"/><wx w="667" xMax="709" xMin="38" yMax="662" yMin="0"/><wx w="744" xMax="704" xMin="43" yMax="671" yMin="-131"/><wx w="854" xMax="816" xMin="38" yMax="662" yMin="-3"/><wx w="634" xMax="671" xMin="38" yMax="671" yMin="0"/><wx w="509" xMax="730" xMin="41" yMax="721" yMin="0"/><wx w="817" xMax="950" xMin="37" yMax="672" yMin="-13"/><wx w="638" xMax="680" xMin="33" yMax="677" yMin="-33"/><wx w="956" xMax="998" xMin="33" yMax="685" yMin="-32"/><wx w="692" xMax="739" xMin="38" yMax="672" yMin="-13"/><wx w="719" xMax="763" xMin="34" yMax="675" yMin="-131"/><wx w="752" xMax="714" xMin="38" yMax="664" yMin="-94"/><wx w="570" xMax="514" xMin="56" yMax="460" yMin="-11"/><wx w="570" xMax="415" xMin="100" yMax="460" yMin="0"/><wx w="570" xMax="487" xMin="59" yMax="460" yMin="0"/><wx w="570" xMax="513" xMin="40" yMax="461" yMin="-217"/><wx w="570" xMax="542" xMin="17" yMax="450" yMin="-217"/><wx w="570" xMax="536" xMin="23" yMax="450" yMin="-218"/><wx w="570" xMax="553" xMin="28" yMax="668" yMin="-10"/><wx w="570" xMax="543" xMin="40" yMax="450" yMin="-217"/><wx w="570" xMax="519" xMin="50" yMax="668" yMin="-10"/><wx w="570" xMax="526" xMin="23" yMax="460" yMin="-217"/><wx w="753" xMax="754" xMin="37" yMax="756" yMin="-218"/><wx w="698" xMax="686" xMin="42" yMax="756" yMin="-218"/><wx w="678" xMax="716" xMin="52" yMax="756" yMin="-218"/><wx w="830" xMax="793" xMin="42" yMax="756" yMin="-218"/><wx w="706" xMax="724" xMin="42" yMax="756" yMin="-218"/><wx w="624" xMax="724" xMin="42" yMax="756" yMin="-217"/><wx w="768" xMax="766" xMin="52" yMax="756" yMin="-217"/><wx w="825" xMax="863" xMin="42" yMax="756" yMin="-218"/><wx w="429" xMax="467" xMin="-7" yMax="756" yMin="-218"/><wx w="530" xMax="568" xMin="60" yMax="756" yMin="-218"/><wx w="766" xMax="804" xMin="42" yMax="756" yMin="-218"/><wx w="696" xMax="654" xMin="42" yMax="756" yMin="-218"/><wx w="969" xMax="1007" xMin="42" yMax="756" yMin="-218"/><wx w="799" xMax="837" xMin="42" yMax="756" yMin="-218"/><wx w="764" xMax="739" xMin="52" yMax="756" yMin="-218"/><wx w="581" xMax="710" xMin="14" yMax="756" yMin="-217"/><wx w="764" xMax="739" xMin="52" yMax="756" yMin="-217"/><wx w="699" xMax="682" xMin="42" yMax="756" yMin="-218"/><wx w="557" xMax="576" xMin="52" yMax="756" yMin="-218"/><wx w="532" xMax="647" xMin="19" yMax="756" yMin="-218"/><wx w="706" xMax="771" xMin="67" yMax="756" yMin="-218"/><wx w="605" xMax="730" xMin="56" yMax="756" yMin="-218"/><wx w="831" xMax="956" xMin="62" yMax="756" yMin="-218"/><wx w="737" xMax="755" xMin="27" yMax="756" yMin="-218"/><wx w="492" xMax="647" xMin="1" yMax="756" yMin="-218"/><wx w="686" xMax="714" xMin="62" yMax="756" yMin="-218"/><wx w="565" xMax="533" xMin="42" yMax="756" yMin="-240"/><wx w="530" xMax="530" xMin="47" yMax="756" yMin="-240"/><wx w="477" xMax="501" xMin="33" yMax="756" yMin="-240"/><wx w="586" xMax="581" xMin="14" yMax="756" yMin="-240"/><wx w="490" xMax="475" xMin="8" yMax="756" yMin="-240"/><wx w="582" xMax="704" xMin="-4" yMax="756" yMin="-240"/><wx w="515" xMax="513" xMin="22" yMax="756" yMin="-240"/><wx w="577" xMax="545" xMin="47" yMax="756" yMin="-240"/><wx w="326" xMax="454" xMin="-9" yMax="756" yMin="-217"/><wx w="550" xMax="653" xMin="-54" yMax="755" yMin="-240"/><wx w="554" xMax="591" xMin="57" yMax="756" yMin="-240"/><wx w="335" xMax="449" xMin="-14" yMax="756" yMin="-217"/><wx w="823" xMax="791" xMin="32" yMax="756" yMin="-240"/><wx w="565" xMax="545" xMin="32" yMax="756" yMin="-240"/><wx w="533" xMax="519" xMin="42" yMax="756" yMin="-240"/><wx w="581" xMax="613" xMin="-24" yMax="756" yMin="-217"/><wx w="521" xMax="523" xMin="40" yMax="756" yMin="-240"/><wx w="436" xMax="507" xMin="32" yMax="756" yMin="-240"/><wx w="466" xMax="494" xMin="26" yMax="756" yMin="-240"/><wx w="353" xMax="441" xMin="-22" yMax="756" yMin="-217"/><wx w="537" xMax="505" xMin="21" yMax="756" yMin="-240"/><wx w="506" xMax="545" xMin="72" yMax="756" yMin="-218"/><wx w="775" xMax="793" xMin="72" yMax="756" yMin="-217"/><wx w="566" xMax="584" xMin="32" yMax="756" yMin="-240"/><wx w="530" xMax="575" xMin="32" yMax="756" yMin="-218"/><wx w="499" xMax="507" xMin="40" yMax="756" yMin="-240"/><wx w="613" xMax="612" xMin="42" yMax="756" yMin="-218"/><wx w="595" xMax="644" xMin="-47" yMax="756" yMin="-218"/><wx w="514" xMax="634" xMin="-58" yMax="756" yMin="-218"/><wx w="536" xMax="522" xMin="40" yMax="756" yMin="-218"/><wx w="478" xMax="491" xMin="29" yMax="756" yMin="-218"/><wx w="440" xMax="482" xMin="11" yMax="756" yMin="-218"/><wx w="512" xMax="536" xMin="32" yMax="756" yMin="-218"/><wx w="529" xMax="519" xMin="20" yMax="756" yMin="-218"/><wx w="326" xMax="453" xMin="-10" yMax="756" yMin="-217"/><wx w="546" xMax="558" xMin="57" yMax="756" yMin="-218"/><wx w="557" xMax="619" xMin="52" yMax="756" yMin="-218"/><wx w="630" xMax="696" xMin="0" yMax="756" yMin="-217"/><wx w="466" xMax="495" xMin="32" yMax="756" yMin="-218"/><wx w="454" xMax="468" xMin="9" yMax="756" yMin="-218"/><wx w="533" xMax="498" xMin="27" yMax="756" yMin="-240"/><wx w="591" xMax="710" xMin="14" yMax="756" yMin="-217"/><wx w="584" xMax="591" xMin="32" yMax="756" yMin="-218"/><wx w="468" xMax="460" xMin="1" yMax="756" yMin="-218"/><wx w="534" xMax="560" xMin="42" yMax="756" yMin="-218"/><wx w="448" xMax="537" xMin="32" yMax="756" yMin="-218"/><wx w="514" xMax="545" xMin="32" yMax="756" yMin="-218"/><wx w="663" xMax="690" xMin="-2" yMax="756" yMin="-218"/><wx w="632" xMax="700" xMin="4" yMax="756" yMin="-218"/><wx w="668" xMax="736" xMin="32" yMax="756" yMin="-218"/><wx w="733" xMax="758" xMin="42" yMax="756" yMin="-217"/><wx w="602" xMax="590" xMin="32" yMax="756" yMin="-218"/><wx w="666" xMax="778" xMin="42" yMax="756" yMin="-218"/><wx w="889" xMax="897" xMin="32" yMax="756" yMin="-217"/><wx w="444" xMax="482" xMin="7" yMax="756" yMin="-240"/><wx w="528" xMax="648" xMin="-57" yMax="756" yMin="-240"/><wx w="457" xMax="445" xMin="31" yMax="756" yMin="-240"/><wx w="528" xMax="715" xMin="8" yMax="756" yMin="-240"/><wx w="533" xMax="559" xMin="-16" yMax="756" yMin="-240"/><wx w="533" xMax="525" xMin="42" yMax="756" yMin="-218"/><wx w="533" xMax="506" xMin="35" yMax="756" yMin="-218"/><wx w="477" xMax="539" xMin="42" yMax="756" yMin="-218"/><wx w="710" xMax="694" xMin="-50" yMax="756" yMin="-218"/><wx w="606" xMax="601" xMin="10" yMax="683" yMin="-10"/><wx w="554" xMax="540" xMin="39" yMax="683" yMin="-10"/><wx w="353" xMax="323" xMin="6" yMax="579" yMin="-10"/><wx w="326" xMax="278" xMin="15" yMax="460" yMin="-10"/><wx w="490" xMax="502" xMin="30" yMax="668" yMin="0"/><wx w="490" xMax="478" xMin="30" yMax="668" yMin="0"/></cid-widths></multibyte-extras></font-metrics>