<?xml version="1.0" encoding="UTF-8"?><font-metrics metrics-version="2" type="TYPE0"><font-name>STIXIntegralsSm-Bold</font-name><full-name>STIXIntegralsSm-Bold</full-name><family-name>STIXIntegralsSm</family-name><embed/><cap-height>0</cap-height><x-height>0</x-height><ascender>750</ascender><descender>-250</descender><bbox><left>8</left><bottom>-268</bottom><right>1544</right><top>802</top></bbox><flags>33</flags><stemv>0</stemv><italicangle>0</italicangle><subtype>TYPE0</subtype><multibyte-extras><cid-type>CIDFontType2</cid-type><default-width>0</default-width><bfranges><bf gi="3" ue="32" us="32"/><bf gi="4" ue="160" us="160"/><bf gi="5" ue="8755" us="8747"/><bf gi="14" ue="10780" us="10764"/><bf gi="0" ue="65535" us="65535"/></bfranges><cid-widths start-index="0"><wx w="250" xMax="0" xMin="0" yMax="0" yMin="0"/><wx w="0" xMax="0" xMin="0" yMax="0" yMin="0"/><wx w="333" xMax="0" xMin="0" yMax="0" yMin="0"/><wx w="250" xMax="0" xMin="0" yMax="0" yMin="0"/><wx w="250" xMax="0" xMin="0" yMax="0" yMin="0"/><wx w="562" xMax="618" xMin="41" yMax="732" yMin="-193"/><wx w="870" xMax="926" xMin="41" yMax="732" yMin="-193"/><wx w="1179" xMax="1235" xMin="41" yMax="732" yMin="-193"/><wx w="626" xMax="618" xMin="41" yMax="732" yMin="-193"/><wx w="934" xMax="926" xMin="41" yMax="732" yMin="-193"/><wx w="1243" xMax="1235" xMin="41" yMax="732" yMin="-193"/><wx w="626" xMax="618" xMin="41" yMax="732" yMin="-193"/><wx w="626" xMax="618" xMin="41" yMax="732" yMin="-193"/><wx w="626" xMax="618" xMin="41" yMax="732" yMin="-193"/><wx w="1488" xMax="1544" xMin="41" yMax="732" yMin="-193"/><wx w="578" xMax="618" xMin="41" yMax="732" yMin="-193"/><wx w="578" xMax="618" xMin="41" yMax="732" yMin="-193"/><wx w="626" xMax="618" xMin="41" yMax="732" yMin="-193"/><wx w="562" xMax="618" xMin="41" yMax="732" yMin="-193"/><wx w="626" xMax="618" xMin="41" yMax="732" yMin="-193"/><wx w="579" xMax="618" xMin="41" yMax="732" yMin="-193"/><wx w="581" xMax="618" xMin="41" yMax="732" yMin="-193"/><wx w="688" xMax="652" xMin="41" yMax="732" yMin="-193"/><wx w="626" xMax="618" xMin="41" yMax="732" yMin="-193"/><wx w="579" xMax="618" xMin="41" yMax="732" yMin="-193"/><wx w="646" xMax="646" xMin="8" yMax="732" yMin="-193"/><wx w="578" xMax="618" xMin="41" yMax="732" yMin="-193"/><wx w="559" xMax="618" xMin="41" yMax="732" yMin="-193"/><wx w="559" xMax="618" xMin="41" yMax="732" yMin="-193"/><wx w="555" xMax="611" xMin="41" yMax="802" yMin="-193"/><wx w="556" xMax="612" xMin="41" yMax="732" yMin="-268"/></cid-widths></multibyte-extras></font-metrics>