<?xml version="1.0" encoding="UTF-8"?><font-metrics metrics-version="2" type="TYPE0"><font-name>STIXSizeOneSym-Bold</font-name><full-name>STIXSizeOneSym-Bold</full-name><family-name>STIXSizeOneSym</family-name><embed/><cap-height>0</cap-height><x-height>0</x-height><ascender>750</ascender><descender>-250</descender><bbox><left>1</left><bottom>-241</bottom><right>1321</right><top>1588</top></bbox><flags>33</flags><stemv>0</stemv><italicangle>0</italicangle><subtype>TYPE0</subtype><multibyte-extras><cid-type>CIDFontType2</cid-type><default-width>0</default-width><bfranges><bf gi="3" ue="32" us="32"/><bf gi="4" ue="41" us="40"/><bf gi="6" ue="47" us="47"/><bf gi="7" ue="93" us="91"/><bf gi="10" ue="123" us="123"/><bf gi="11" ue="125" us="125"/><bf gi="12" ue="160" us="160"/><bf gi="13" ue="8512" us="8512"/><bf gi="14" ue="8721" us="8719"/><bf gi="17" ue="8730" us="8730"/><bf gi="18" ue="8971" us="8968"/><bf gi="22" ue="10217" us="10216"/><bf gi="0" ue="65535" us="65535"/></bfranges><cid-widths start-index="0"><wx w="250" xMax="0" xMin="0" yMax="0" yMin="0"/><wx w="0" xMax="0" xMin="0" yMax="0" yMin="0"/><wx w="333" xMax="0" xMin="0" yMax="0" yMin="0"/><wx w="250" xMax="0" xMin="0" yMax="0" yMin="0"/><wx w="468" xMax="439" xMin="158" yMax="1104" yMin="-126"/><wx w="468" xMax="310" xMin="29" yMax="1104" yMin="-126"/><wx w="579" xMax="564" xMin="14" yMax="1104" yMin="-126"/><wx w="408" xMax="407" xMin="186" yMax="1104" yMin="-126"/><wx w="579" xMax="564" xMin="14" yMax="1104" yMin="-126"/><wx w="408" xMax="222" xMin="1" yMax="1104" yMin="-126"/><wx w="595" xMax="503" xMin="115" yMax="1104" yMin="-126"/><wx w="595" xMax="480" xMin="92" yMax="1104" yMin="-126"/><wx w="250" xMax="0" xMin="0" yMax="0" yMin="0"/><wx w="1341" xMax="1281" xMin="60" yMax="1500" yMin="22"/><wx w="1355" xMax="1321" xMin="35" yMax="1500" yMin="49"/><wx w="1355" xMax="1320" xMin="34" yMax="1500" yMin="49"/><wx w="1292" xMax="1215" xMin="60" yMax="1500" yMin="49"/><wx w="1061" xMax="1119" xMin="109" yMax="1588" yMin="-241"/><wx w="476" xMax="470" xMin="186" yMax="1104" yMin="-126"/><wx w="476" xMax="292" xMin="6" yMax="1104" yMin="-126"/><wx w="476" xMax="470" xMin="184" yMax="1104" yMin="-126"/><wx w="476" xMax="290" xMin="6" yMax="1104" yMin="-126"/><wx w="579" xMax="481" xMin="99" yMax="1104" yMin="-126"/><wx w="579" xMax="480" xMin="98" yMax="1104" yMin="-126"/></cid-widths></multibyte-extras></font-metrics>