<?xml version="1.0" encoding="UTF-8"?><font-metrics metrics-version="2" type="TYPE0"><font-name>STIXSizeTwoSym-Bold</font-name><full-name>STIXSizeTwoSym-Bold</full-name><family-name>STIXSizeTwoSym</family-name><embed/><cap-height>0</cap-height><x-height>0</x-height><ascender>750</ascender><descender>-250</descender><bbox><left>4</left><bottom>-355</bottom><right>1185</right><top>2095</top></bbox><flags>33</flags><stemv>0</stemv><italicangle>0</italicangle><subtype>TYPE0</subtype><multibyte-extras><cid-type>CIDFontType2</cid-type><default-width>0</default-width><bfranges><bf gi="3" ue="32" us="32"/><bf gi="4" ue="41" us="40"/><bf gi="6" ue="47" us="47"/><bf gi="7" ue="93" us="91"/><bf gi="10" ue="123" us="123"/><bf gi="11" ue="125" us="125"/><bf gi="12" ue="160" us="160"/><bf gi="13" ue="8730" us="8730"/><bf gi="14" ue="8971" us="8968"/><bf gi="18" ue="10217" us="10216"/><bf gi="0" ue="65535" us="65535"/></bfranges><cid-widths start-index="0"><wx w="250" xMax="0" xMin="0" yMax="0" yMin="0"/><wx w="0" xMax="0" xMin="0" yMax="0" yMin="0"/><wx w="333" xMax="0" xMin="0" yMax="0" yMin="0"/><wx w="250" xMax="0" xMin="0" yMax="0" yMin="0"/><wx w="608" xMax="512" xMin="110" yMax="1604" yMin="-241"/><wx w="608" xMax="498" xMin="96" yMax="1604" yMin="-241"/><wx w="802" xMax="798" xMin="4" yMax="1604" yMin="-241"/><wx w="485" xMax="467" xMin="197" yMax="1604" yMin="-241"/><wx w="802" xMax="798" xMin="4" yMax="1604" yMin="-241"/><wx w="485" xMax="288" xMin="18" yMax="1604" yMin="-241"/><wx w="681" xMax="514" xMin="69" yMax="1604" yMin="-241"/><wx w="681" xMax="612" xMin="167" yMax="1604" yMin="-241"/><wx w="250" xMax="0" xMin="0" yMax="0" yMin="0"/><wx w="1130" xMax="1185" xMin="106" yMax="2095" yMin="-355"/><wx w="538" xMax="510" xMin="185" yMax="1604" yMin="-241"/><wx w="538" xMax="355" xMin="28" yMax="1604" yMin="-241"/><wx w="538" xMax="512" xMin="185" yMax="1604" yMin="-241"/><wx w="538" xMax="353" xMin="28" yMax="1604" yMin="-241"/><wx w="622" xMax="572" xMin="98" yMax="1604" yMin="-241"/><wx w="622" xMax="524" xMin="50" yMax="1604" yMin="-241"/></cid-widths></multibyte-extras></font-metrics>