<?xml version="1.0" encoding="UTF-8"?><font-metrics metrics-version="2" type="TYPE0"><font-name>STIXNonUnicode-Bold</font-name><full-name>STIXNonUnicode-Bold</full-name><family-name>STIXNonUnicode</family-name><embed/><cap-height>0</cap-height><x-height>0</x-height><ascender>750</ascender><descender>-250</descender><bbox><left>-49</left><bottom>-552</bottom><right>1224</right><top>930</top></bbox><flags>33</flags><stemv>0</stemv><italicangle>0</italicangle><subtype>TYPE0</subtype><multibyte-extras><cid-type>CIDFontType2</cid-type><default-width>0</default-width><bfranges><bf gi="3" ue="32" us="32"/><bf gi="4" ue="160" us="160"/><bf gi="5" ue="57345" us="57344"/><bf gi="7" ue="57361" us="57358"/><bf gi="11" ue="57379" us="57379"/><bf gi="12" ue="57381" us="57381"/><bf gi="13" ue="57385" us="57384"/><bf gi="15" ue="57399" us="57399"/><bf gi="16" ue="57421" us="57421"/><bf gi="17" ue="57426" us="57424"/><bf gi="20" ue="57436" us="57435"/><bf gi="22" ue="57438" us="57438"/><bf gi="23" ue="57442" us="57441"/><bf gi="25" ue="57447" us="57444"/><bf gi="29" ue="57456" us="57453"/><bf gi="33" ue="57477" us="57470"/><bf gi="41" ue="57526" us="57520"/><bf gi="48" ue="57562" us="57560"/><bf gi="51" ue="57570" us="57565"/><bf gi="57" ue="57611" us="57611"/><bf gi="58" ue="57615" us="57614"/><bf gi="60" ue="57683" us="57680"/><bf gi="64" ue="57955" us="57955"/><bf gi="65" ue="57959" us="57959"/><bf gi="66" ue="57963" us="57963"/><bf gi="67" ue="57967" us="57967"/><bf gi="68" ue="57971" us="57971"/><bf gi="69" ue="57975" us="57975"/><bf gi="70" ue="57979" us="57979"/><bf gi="71" ue="57983" us="57983"/><bf gi="72" ue="57987" us="57987"/><bf gi="73" ue="57991" us="57991"/><bf gi="74" ue="57997" us="57997"/><bf gi="75" ue="58000" us="57999"/><bf gi="77" ue="58109" us="58109"/><bf gi="78" ue="58111" us="58111"/><bf gi="79" ue="58113" us="58113"/><bf gi="80" ue="58115" us="58115"/><bf gi="81" ue="58117" us="58117"/><bf gi="82" ue="58119" us="58119"/><bf gi="83" ue="58121" us="58121"/><bf gi="84" ue="58123" us="58123"/><bf gi="85" ue="58125" us="58125"/><bf gi="86" ue="58127" us="58127"/><bf gi="87" ue="58129" us="58129"/><bf gi="88" ue="58131" us="58131"/><bf gi="89" ue="58133" us="58133"/><bf gi="90" ue="58135" us="58135"/><bf gi="91" ue="58137" us="58137"/><bf gi="92" ue="58139" us="58139"/><bf gi="93" ue="58141" us="58141"/><bf gi="94" ue="58143" us="58143"/><bf gi="95" ue="58145" us="58145"/><bf gi="96" ue="58147" us="58147"/><bf gi="97" ue="58149" us="58149"/><bf gi="98" ue="58151" us="58151"/><bf gi="99" ue="58153" us="58153"/><bf gi="100" ue="58155" us="58155"/><bf gi="101" ue="58213" us="58213"/><bf gi="102" ue="58217" us="58217"/><bf gi="103" ue="58221" us="58221"/><bf gi="104" ue="58225" us="58225"/><bf gi="105" ue="58236" us="58236"/><bf gi="106" ue="58304" us="58295"/><bf gi="116" ue="58308" us="58307"/><bf gi="0" ue="65535" us="65535"/></bfranges><cid-widths start-index="0"><wx w="250" xMax="0" xMin="0" yMax="0" yMin="0"/><wx w="0" xMax="0" xMin="0" yMax="0" yMin="0"/><wx w="333" xMax="0" xMin="0" yMax="0" yMin="0"/><wx w="250" xMax="0" xMin="0" yMax="0" yMin="0"/><wx w="250" xMax="0" xMin="0" yMax="0" yMin="0"/><wx w="1184" xMax="912" xMin="808" yMax="610" yMin="-25"/><wx w="1198" xMax="1224" xMin="808" yMax="704" yMin="75"/><wx w="750" xMax="670" xMin="80" yMax="819" yMin="-339"/><wx w="750" xMax="670" xMin="80" yMax="742" yMin="-235"/><wx w="750" xMax="670" xMin="80" yMax="742" yMin="-235"/><wx w="750" xMax="670" xMin="80" yMax="819" yMin="-339"/><wx w="750" xMax="683" xMin="68" yMax="742" yMin="-235"/><wx w="750" xMax="683" xMin="67" yMax="852" yMin="-345"/><wx w="1000" xMax="961" xMin="38" yMax="672" yMin="-166"/><wx w="1000" xMax="961" xMin="38" yMax="672" yMin="-166"/><wx w="750" xMax="682" xMin="67" yMax="672" yMin="-166"/><wx w="750" xMax="683" xMin="68" yMax="553" yMin="-47"/><wx w="750" xMax="663" xMin="87" yMax="672" yMin="-166"/><wx w="750" xMax="663" xMin="87" yMax="672" yMin="-166"/><wx w="750" xMax="683" xMin="68" yMax="574" yMin="-69"/><wx w="750" xMax="683" xMin="68" yMax="574" yMin="16"/><wx w="750" xMax="683" xMin="68" yMax="553" yMin="-31"/><wx w="0" xMax="425" xMin="95" yMax="762" yMin="565"/><wx w="0" xMax="330" xMin="0" yMax="-137" yMin="-437"/><wx w="0" xMax="330" xMin="0" yMax="-137" yMin="-552"/><wx w="333" xMax="349" xMin="-16" yMax="837" yMin="565"/><wx w="0" xMax="349" xMin="-16" yMax="-137" yMin="-409"/><wx w="0" xMax="430" xMin="91" yMax="801" yMin="565"/><wx w="0" xMax="349" xMin="-16" yMax="-137" yMin="-409"/><wx w="750" xMax="668" xMin="82" yMax="835" yMin="-113"/><wx w="750" xMax="668" xMin="82" yMax="835" yMin="-113"/><wx w="750" xMax="668" xMin="82" yMax="835" yMin="-113"/><wx w="750" xMax="668" xMin="82" yMax="835" yMin="-113"/><wx w="750" xMax="670" xMin="80" yMax="738" yMin="-230"/><wx w="750" xMax="670" xMin="80" yMax="742" yMin="-234"/><wx w="750" xMax="670" xMin="80" yMax="819" yMin="-337"/><wx w="750" xMax="681" xMin="91" yMax="820" yMin="-342"/><wx w="750" xMax="670" xMin="80" yMax="742" yMin="-235"/><wx w="750" xMax="670" xMin="80" yMax="742" yMin="-234"/><wx w="750" xMax="670" xMin="80" yMax="738" yMin="-230"/><wx w="750" xMax="670" xMin="80" yMax="742" yMin="-234"/><wx w="0" xMax="417" xMin="100" yMax="752" yMin="531"/><wx w="0" xMax="417" xMin="100" yMax="-50" yMin="-271"/><wx w="0" xMax="416" xMin="99" yMax="-50" yMin="-271"/><wx w="556" xMax="487" xMin="14" yMax="691" yMin="-203"/><wx w="282" xMax="239" xMin="42" yMax="555" yMin="209"/><wx w="282" xMax="240" xMin="43" yMax="555" yMin="209"/><wx w="0" xMax="142" xMin="15" yMax="478" yMin="56"/><wx w="400" xMax="343" xMin="57" yMax="688" yMin="-13"/><wx w="314" xMax="260" xMin="54" yMax="663" yMin="0"/><wx w="425" xMax="371" xMin="54" yMax="663" yMin="0"/><wx w="553" xMax="483" xMin="76" yMax="930" yMin="0"/><wx w="549" xMax="482" xMin="67" yMax="926" yMin="0"/><wx w="773" xMax="706" xMin="67" yMax="765" yMin="0"/><wx w="552" xMax="510" xMin="42" yMax="920" yMin="0"/><wx w="378" xMax="323" xMin="55" yMax="765" yMin="0"/><wx w="481" xMax="435" xMin="63" yMax="754" yMin="0"/><wx w="315" xMax="315" xMin="0" yMax="297" yMin="209"/><wx w="714" xMax="503" xMin="211" yMax="405" yMin="101"/><wx w="315" xMax="315" xMin="0" yMax="399" yMin="107"/><wx w="735" xMax="756" xMin="-40" yMax="175" yMin="-302"/><wx w="735" xMax="775" xMin="-21" yMax="175" yMin="-302"/><wx w="735" xMax="756" xMin="-40" yMax="477" yMin="0"/><wx w="735" xMax="775" xMin="-21" yMax="477" yMin="0"/><wx w="523" xMax="496" xMin="26" yMax="422" yMin="-10"/><wx w="523" xMax="420" xMin="111" yMax="425" yMin="0"/><wx w="523" xMax="470" xMin="53" yMax="421" yMin="0"/><wx w="523" xMax="478" xMin="31" yMax="424" yMin="-198"/><wx w="523" xMax="496" xMin="42" yMax="420" yMin="-198"/><wx w="523" xMax="474" xMin="49" yMax="421" yMin="-198"/><wx w="523" xMax="502" xMin="21" yMax="614" yMin="-8"/><wx w="523" xMax="507" xMin="8" yMax="421" yMin="-198"/><wx w="523" xMax="493" xMin="31" yMax="606" yMin="-12"/><wx w="523" xMax="499" xMin="25" yMax="421" yMin="-202"/><wx w="0" xMax="498" xMin="92" yMax="734" yMin="484"/><wx w="325" xMax="326" xMin="-1" yMax="175" yMin="0"/><wx w="633" xMax="634" xMin="-1" yMax="175" yMin="0"/><wx w="722" xMax="689" xMin="9" yMax="775" yMin="-235"/><wx w="667" xMax="619" xMin="16" yMax="775" yMin="-235"/><wx w="620" xMax="593" xMin="16" yMax="775" yMin="-207"/><wx w="722" xMax="673" xMin="33" yMax="775" yMin="-207"/><wx w="667" xMax="641" xMin="16" yMax="775" yMin="-235"/><wx w="667" xMax="634" xMin="28" yMax="775" yMin="-235"/><wx w="778" xMax="759" xMin="21" yMax="775" yMin="-235"/><wx w="778" xMax="743" xMin="35" yMax="775" yMin="-207"/><wx w="389" xMax="436" xMin="-36" yMax="775" yMin="-235"/><wx w="778" xMax="769" xMin="30" yMax="775" yMin="-235"/><wx w="707" xMax="674" xMin="9" yMax="775" yMin="-207"/><wx w="944" xMax="921" xMin="14" yMax="775" yMin="-235"/><wx w="722" xMax="701" xMin="16" yMax="775" yMin="-235"/><wx w="647" xMax="607" xMin="40" yMax="775" yMin="-207"/><wx w="778" xMax="743" xMin="35" yMax="775" yMin="-235"/><wx w="778" xMax="759" xMin="21" yMax="775" yMin="-207"/><wx w="611" xMax="600" xMin="16" yMax="775" yMin="-235"/><wx w="671" xMax="641" xMin="28" yMax="775" yMin="-207"/><wx w="667" xMax="636" xMin="31" yMax="775" yMin="-235"/><wx w="723" xMax="700" xMin="14" yMax="775" yMin="-207"/><wx w="836" xMax="818" xMin="18" yMax="775" yMin="-207"/><wx w="722" xMax="699" xMin="16" yMax="775" yMin="-235"/><wx w="804" xMax="793" xMin="11" yMax="775" yMin="-207"/><wx w="768" xMax="740" xMin="28" yMax="775" yMin="-207"/><wx w="669" xMax="665" xMin="32" yMax="775" yMin="-235"/><wx w="667" xMax="670" xMin="-13" yMax="775" yMin="-235"/><wx w="757" xMax="758" xMin="-49" yMax="793" yMin="-235"/><wx w="734" xMax="710" xMin="27" yMax="775" yMin="-235"/><wx w="667" xMax="641" xMin="16" yMax="775" yMin="-235"/><wx w="525" xMax="482" xMin="40" yMax="681" yMin="-11"/><wx w="525" xMax="450" xMin="90" yMax="681" yMin="0"/><wx w="525" xMax="470" xMin="52" yMax="681" yMin="0"/><wx w="525" xMax="479" xMin="43" yMax="681" yMin="-11"/><wx w="525" xMax="493" xMin="29" yMax="682" yMin="0"/><wx w="525" xMax="470" xMin="52" yMax="670" yMin="-11"/><wx w="525" xMax="479" xMin="43" yMax="681" yMin="-11"/><wx w="525" xMax="479" xMin="43" yMax="686" yMin="-11"/><wx w="525" xMax="479" xMin="43" yMax="681" yMin="-11"/><wx w="525" xMax="479" xMin="43" yMax="681" yMin="-11"/><wx w="750" xMax="683" xMin="68" yMax="747" yMin="-243"/><wx w="750" xMax="683" xMin="68" yMax="747" yMin="-243"/></cid-widths></multibyte-extras></font-metrics>