<?xml version="1.0" encoding="UTF-8"?><font-metrics metrics-version="2" type="TYPE0"><font-name>STIXGeneral-Italic</font-name><full-name>STIXGeneral-Italic</full-name><family-name>STIXGeneral</family-name><embed/><cap-height>653</cap-height><x-height>441</x-height><ascender>750</ascender><descender>-250</descender><bbox><left>-970</left><bottom>-305</bottom><right>1429</right><top>1023</top></bbox><flags>97</flags><stemv>0</stemv><italicangle>-17</italicangle><subtype>TYPE0</subtype><multibyte-extras><cid-type>CIDFontType2</cid-type><default-width>0</default-width><bfranges><bf gi="3" ue="126" us="32"/><bf gi="98" ue="384" us="160"/><bf gi="323" ue="392" us="392"/><bf gi="324" ue="400" us="400"/><bf gi="325" ue="402" us="402"/><bf gi="326" ue="405" us="405"/><bf gi="327" ue="411" us="409"/><bf gi="330" ue="414" us="414"/><bf gi="331" ue="417" us="416"/><bf gi="333" ue="421" us="421"/><bf gi="334" ue="427" us="426"/><bf gi="336" ue="429" us="429"/><bf gi="337" ue="432" us="431"/><bf gi="339" ue="443" us="442"/><bf gi="341" ue="446" us="446"/><bf gi="342" ue="451" us="448"/><bf gi="346" ue="496" us="496"/><bf gi="347" ue="511" us="506"/><bf gi="353" ue="567" us="567"/><bf gi="354" ue="680" us="592"/><bf gi="443" ue="696" us="688"/><bf gi="452" ue="699" us="699"/><bf gi="453" ue="705" us="704"/><bf gi="455" ue="711" us="710"/><bf gi="457" ue="733" us="728"/><bf gi="463" ue="740" us="736"/><bf gi="468" ue="749" us="748"/><bf gi="470" ue="759" us="759"/><bf gi="471" ue="906" us="900"/><bf gi="478" ue="908" us="908"/><bf gi="479" ue="929" us="910"/><bf gi="499" ue="974" us="931"/><bf gi="543" ue="978" us="976"/><bf gi="546" ue="982" us="981"/><bf gi="548" ue="993" us="984"/><bf gi="558" ue="1009" us="1008"/><bf gi="560" ue="1014" us="1012"/><bf gi="563" ue="1036" us="1025"/><bf gi="575" ue="1103" us="1038"/><bf gi="641" ue="1116" us="1105"/><bf gi="653" ue="1119" us="1118"/><bf gi="655" ue="1123" us="1122"/><bf gi="657" ue="1131" us="1130"/><bf gi="659" ue="1141" us="1138"/><bf gi="663" ue="1169" us="1168"/><bf gi="665" ue="7813" us="7808"/><bf gi="671" ue="7923" us="7922"/><bf gi="673" ue="8212" us="8208"/><bf gi="678" ue="8226" us="8216"/><bf gi="689" ue="8230" us="8230"/><bf gi="690" ue="8241" us="8240"/><bf gi="692" ue="8250" us="8249"/><bf gi="694" ue="8254" us="8254"/><bf gi="695" ue="8260" us="8260"/><bf gi="696" ue="8356" us="8355"/><bf gi="698" ue="8359" us="8359"/><bf gi="699" ue="8364" us="8364"/><bf gi="700" ue="8402" us="8400"/><bf gi="703" ue="8407" us="8406"/><bf gi="705" ue="8413" us="8411"/><bf gi="708" ue="8417" us="8417"/><bf gi="709" ue="8426" us="8420"/><bf gi="716" ue="8431" us="8428"/><bf gi="720" ue="8450" us="8450"/><bf gi="721" ue="8453" us="8453"/><bf gi="722" ue="8459" us="8458"/><bf gi="724" ue="8462" us="8461"/><bf gi="726" ue="8464" us="8464"/><bf gi="727" ue="8467" us="8466"/><bf gi="729" ue="8470" us="8469"/><bf gi="731" ue="8475" us="8473"/><bf gi="734" ue="8477" us="8477"/><bf gi="735" ue="8482" us="8482"/><bf gi="736" ue="8484" us="8484"/><bf gi="737" ue="8492" us="8492"/><bf gi="738" ue="8497" us="8495"/><bf gi="741" ue="8500" us="8499"/><bf gi="743" ue="8508" us="8508"/><bf gi="744" ue="8511" us="8511"/><bf gi="745" ue="8521" us="8517"/><bf gi="750" ue="8706" us="8706"/><bf gi="751" ue="8722" us="8722"/><bf gi="752" ue="9251" us="9251"/><bf gi="753" ue="9320" us="9312"/><bf gi="762" ue="9450" us="9398"/><bf gi="815" ue="9472" us="9472"/><bf gi="816" ue="9474" us="9474"/><bf gi="817" ue="9484" us="9484"/><bf gi="818" ue="9488" us="9488"/><bf gi="819" ue="9492" us="9492"/><bf gi="820" ue="9496" us="9496"/><bf gi="821" ue="9500" us="9500"/><bf gi="822" ue="9508" us="9508"/><bf gi="823" ue="9516" us="9516"/><bf gi="824" ue="9524" us="9524"/><bf gi="825" ue="9532" us="9532"/><bf gi="826" ue="9580" us="9552"/><bf gi="855" ue="64260" us="64256"/><bf gi="0" ue="65535" us="65535"/></bfranges><cid-widths start-index="0"><wx w="250" xMax="0" xMin="0" yMax="0" yMin="0"/><wx w="0" xMax="0" xMin="0" yMax="0" yMin="0"/><wx w="333" xMax="0" xMin="0" yMax="0" yMin="0"/><wx w="250" xMax="0" xMin="0" yMax="0" yMin="0"/><wx w="333" xMax="304" xMin="39" yMax="667" yMin="-11"/><wx w="420" xMax="432" xMin="144" yMax="666" yMin="421"/><wx w="501" xMax="540" xMin="2" yMax="676" yMin="0"/><wx w="500" xMax="497" xMin="32" yMax="731" yMin="-89"/><wx w="755" xMax="705" xMin="80" yMax="706" yMin="-19"/><wx w="778" xMax="723" xMin="76" yMax="666" yMin="-18"/><wx w="214" xMax="241" xMin="132" yMax="666" yMin="421"/><wx w="333" xMax="315" xMin="42" yMax="669" yMin="-181"/><wx w="333" xMax="289" xMin="16" yMax="669" yMin="-180"/><wx w="500" xMax="492" xMin="128" yMax="666" yMin="255"/><wx w="675" xMax="590" xMin="86" yMax="506" yMin="0"/><wx w="250" xMax="135" xMin="-5" yMax="101" yMin="-129"/><wx w="333" xMax="282" xMin="49" yMax="255" yMin="192"/><wx w="250" xMax="138" xMin="27" yMax="100" yMin="-11"/><wx w="278" xMax="386" xMin="-65" yMax="666" yMin="-18"/><wx w="500" xMax="497" xMin="32" yMax="676" yMin="-7"/><wx w="500" xMax="409" xMin="50" yMax="676" yMin="0"/><wx w="500" xMax="452" xMin="12" yMax="676" yMin="0"/><wx w="500" xMax="465" xMin="16" yMax="676" yMin="-7"/><wx w="500" xMax="479" xMin="1" yMax="676" yMin="0"/><wx w="500" xMax="491" xMin="15" yMax="666" yMin="-7"/><wx w="500" xMax="521" xMin="30" yMax="686" yMin="-7"/><wx w="500" xMax="537" xMin="75" yMax="666" yMin="-8"/><wx w="500" xMax="493" xMin="30" yMax="676" yMin="-7"/><wx w="500" xMax="492" xMin="23" yMax="676" yMin="-17"/><wx w="333" xMax="261" xMin="50" yMax="441" yMin="-11"/><wx w="333" xMax="261" xMin="26" yMax="441" yMin="-129"/><wx w="675" xMax="592" xMin="84" yMax="516" yMin="-10"/><wx w="675" xMax="590" xMin="86" yMax="386" yMin="120"/><wx w="675" xMax="592" xMin="84" yMax="516" yMin="-10"/><wx w="500" xMax="472" xMin="132" yMax="664" yMin="-12"/><wx w="920" xMax="806" xMin="118" yMax="666" yMin="-18"/><wx w="611" xMax="564" xMin="-51" yMax="668" yMin="0"/><wx w="611" xMax="588" xMin="-8" yMax="653" yMin="0"/><wx w="667" xMax="689" xMin="66" yMax="666" yMin="-18"/><wx w="722" xMax="700" xMin="-8" yMax="653" yMin="0"/><wx w="611" xMax="634" xMin="-1" yMax="653" yMin="0"/><wx w="611" xMax="645" xMin="8" yMax="653" yMin="0"/><wx w="722" xMax="722" xMin="52" yMax="666" yMin="-18"/><wx w="722" xMax="769" xMin="-8" yMax="653" yMin="0"/><wx w="333" xMax="384" xMin="-8" yMax="653" yMin="0"/><wx w="444" xMax="491" xMin="-6" yMax="653" yMin="-18"/><wx w="667" xMax="722" xMin="7" yMax="653" yMin="0"/><wx w="556" xMax="559" xMin="-8" yMax="653" yMin="0"/><wx w="833" xMax="872" xMin="-18" yMax="653" yMin="0"/><wx w="667" xMax="727" xMin="-20" yMax="653" yMin="-15"/><wx w="722" xMax="699" xMin="60" yMax="666" yMin="-18"/><wx w="611" xMax="605" xMin="0" yMax="653" yMin="0"/><wx w="722" xMax="699" xMin="59" yMax="666" yMin="-182"/><wx w="611" xMax="588" xMin="-13" yMax="653" yMin="0"/><wx w="500" xMax="508" xMin="17" yMax="667" yMin="-18"/><wx w="556" xMax="633" xMin="59" yMax="653" yMin="0"/><wx w="722" xMax="765" xMin="102" yMax="653" yMin="-18"/><wx w="611" xMax="688" xMin="76" yMax="653" yMin="-18"/><wx w="833" xMax="906" xMin="71" yMax="653" yMin="-18"/><wx w="611" xMax="655" xMin="-29" yMax="653" yMin="0"/><wx w="556" xMax="633" xMin="78" yMax="653" yMin="0"/><wx w="556" xMax="606" xMin="-6" yMax="653" yMin="0"/><wx w="389" xMax="391" xMin="21" yMax="663" yMin="-153"/><wx w="278" xMax="319" xMin="-41" yMax="666" yMin="-18"/><wx w="389" xMax="382" xMin="12" yMax="663" yMin="-153"/><wx w="422" xMax="422" xMin="0" yMax="666" yMin="301"/><wx w="500" xMax="500" xMin="0" yMax="-75" yMin="-125"/><wx w="333" xMax="311" xMin="120" yMax="664" yMin="492"/><wx w="501" xMax="476" xMin="17" yMax="441" yMin="-11"/><wx w="500" xMax="473" xMin="23" yMax="683" yMin="-11"/><wx w="444" xMax="425" xMin="30" yMax="441" yMin="-11"/><wx w="500" xMax="527" xMin="15" yMax="683" yMin="-13"/><wx w="444" xMax="412" xMin="31" yMax="441" yMin="-11"/><wx w="278" xMax="424" xMin="-147" yMax="678" yMin="-207"/><wx w="500" xMax="471" xMin="8" yMax="441" yMin="-206"/><wx w="500" xMax="478" xMin="19" yMax="683" yMin="-9"/><wx w="278" xMax="264" xMin="49" yMax="654" yMin="-11"/><wx w="278" xMax="279" xMin="-124" yMax="652" yMin="-207"/><wx w="444" xMax="461" xMin="14" yMax="683" yMin="-11"/><wx w="278" xMax="279" xMin="41" yMax="683" yMin="-11"/><wx w="722" xMax="704" xMin="12" yMax="441" yMin="-9"/><wx w="500" xMax="474" xMin="14" yMax="441" yMin="-9"/><wx w="500" xMax="468" xMin="27" yMax="441" yMin="-11"/><wx w="504" xMax="472" xMin="-75" yMax="441" yMin="-205"/><wx w="500" xMax="484" xMin="25" yMax="441" yMin="-209"/><wx w="389" xMax="412" xMin="45" yMax="441" yMin="0"/><wx w="389" xMax="366" xMin="16" yMax="442" yMin="-13"/><wx w="278" xMax="296" xMin="38" yMax="546" yMin="-11"/><wx w="500" xMax="475" xMin="42" yMax="441" yMin="-11"/><wx w="444" xMax="426" xMin="20" yMax="441" yMin="-18"/><wx w="667" xMax="648" xMin="15" yMax="441" yMin="-18"/><wx w="444" xMax="447" xMin="-27" yMax="441" yMin="-11"/><wx w="444" xMax="426" xMin="-24" yMax="441" yMin="-206"/><wx w="389" xMax="380" xMin="-2" yMax="428" yMin="-81"/><wx w="400" xMax="407" xMin="51" yMax="687" yMin="-177"/><wx w="275" xMax="171" xMin="105" yMax="666" yMin="-18"/><wx w="400" xMax="349" xMin="-7" yMax="687" yMin="-177"/><wx w="541" xMax="502" xMin="40" yMax="323" yMin="183"/><wx w="250" xMax="0" xMin="0" yMax="0" yMin="0"/><wx w="389" xMax="321" xMin="59" yMax="474" yMin="-205"/><wx w="500" xMax="472" xMin="77" yMax="560" yMin="-143"/><wx w="500" xMax="517" xMin="10" yMax="670" yMin="-8"/><wx w="500" xMax="522" xMin="-22" yMax="534" yMin="-10"/><wx w="500" xMax="605" xMin="28" yMax="653" yMin="0"/><wx w="275" xMax="171" xMin="105" yMax="666" yMin="-18"/><wx w="500" xMax="461" xMin="53" yMax="666" yMin="-162"/><wx w="333" xMax="405" xMin="107" yMax="606" yMin="508"/><wx w="760" xMax="719" xMin="41" yMax="666" yMin="-18"/><wx w="276" xMax="352" xMin="42" yMax="676" yMin="406"/><wx w="500" xMax="445" xMin="53" yMax="403" yMin="37"/><wx w="675" xMax="590" xMin="86" yMax="386" yMin="108"/><wx w="333" xMax="282" xMin="49" yMax="255" yMin="192"/><wx w="760" xMax="719" xMin="41" yMax="666" yMin="-18"/><wx w="333" xMax="411" xMin="99" yMax="583" yMin="532"/><wx w="400" xMax="387" xMin="101" yMax="676" yMin="390"/><wx w="675" xMax="590" xMin="86" yMax="568" yMin="0"/><wx w="300" xMax="324" xMin="33" yMax="676" yMin="271"/><wx w="300" xMax="339" xMin="43" yMax="676" yMin="268"/><wx w="333" xMax="403" xMin="180" yMax="664" yMin="494"/><wx w="500" xMax="497" xMin="-30" yMax="428" yMin="-209"/><wx w="559" xMax="621" xMin="60" yMax="653" yMin="-123"/><wx w="250" xMax="181" xMin="70" yMax="310" yMin="199"/><wx w="333" xMax="182" xMin="-30" yMax="0" yMin="-217"/><wx w="300" xMax="284" xMin="43" yMax="676" yMin="271"/><wx w="310" xMax="362" xMin="67" yMax="676" yMin="406"/><wx w="500" xMax="447" xMin="55" yMax="403" yMin="37"/><wx w="750" xMax="736" xMin="33" yMax="676" yMin="-10"/><wx w="750" xMax="749" xMin="34" yMax="676" yMin="-10"/><wx w="750" xMax="736" xMin="23" yMax="676" yMin="-10"/><wx w="500" xMax="367" xMin="28" yMax="473" yMin="-205"/><wx w="611" xMax="564" xMin="-51" yMax="914" yMin="0"/><wx w="611" xMax="564" xMin="-51" yMax="914" yMin="0"/><wx w="611" xMax="564" xMin="-51" yMax="911" yMin="0"/><wx w="611" xMax="572" xMin="-51" yMax="874" yMin="0"/><wx w="611" xMax="564" xMin="-51" yMax="856" yMin="0"/><wx w="611" xMax="564" xMin="-51" yMax="957" yMin="0"/><wx w="889" xMax="911" xMin="-27" yMax="653" yMin="0"/><wx w="667" xMax="689" xMin="66" yMax="666" yMin="-217"/><wx w="611" xMax="634" xMin="-1" yMax="914" yMin="0"/><wx w="611" xMax="634" xMin="-1" yMax="914" yMin="0"/><wx w="611" xMax="634" xMin="-1" yMax="911" yMin="0"/><wx w="611" xMax="634" xMin="-1" yMax="856" yMin="0"/><wx w="333" xMax="398" xMin="-8" yMax="914" yMin="0"/><wx w="333" xMax="414" xMin="-8" yMax="914" yMin="0"/><wx w="333" xMax="450" xMin="-8" yMax="911" yMin="0"/><wx w="333" xMax="457" xMin="-8" yMax="856" yMin="0"/><wx w="722" xMax="700" xMin="-8" yMax="653" yMin="0"/><wx w="667" xMax="727" xMin="-20" yMax="874" yMin="-15"/><wx w="722" xMax="699" xMin="60" yMax="914" yMin="-18"/><wx w="722" xMax="699" xMin="60" yMax="914" yMin="-18"/><wx w="722" xMax="699" xMin="60" yMax="911" yMin="-18"/><wx w="722" xMax="699" xMin="60" yMax="874" yMin="-18"/><wx w="722" xMax="699" xMin="60" yMax="856" yMin="-18"/><wx w="675" xMax="582" xMin="93" yMax="497" yMin="8"/><wx w="722" xMax="699" xMin="60" yMax="722" yMin="-105"/><wx w="722" xMax="765" xMin="102" yMax="914" yMin="-18"/><wx w="722" xMax="765" xMin="102" yMax="914" yMin="-18"/><wx w="722" xMax="765" xMin="102" yMax="911" yMin="-18"/><wx w="722" xMax="765" xMin="102" yMax="856" yMin="-18"/><wx w="556" xMax="633" xMin="78" yMax="914" yMin="0"/><wx w="611" xMax="569" xMin="0" yMax="653" yMin="0"/><wx w="500" xMax="493" xMin="-168" yMax="679" yMin="-207"/><wx w="501" xMax="476" xMin="17" yMax="664" yMin="-11"/><wx w="501" xMax="476" xMin="17" yMax="664" yMin="-11"/><wx w="501" xMax="497" xMin="17" yMax="661" yMin="-11"/><wx w="501" xMax="521" xMin="17" yMax="624" yMin="-11"/><wx w="501" xMax="503" xMin="17" yMax="606" yMin="-11"/><wx w="501" xMax="476" xMin="17" yMax="709" yMin="-11"/><wx w="667" xMax="640" xMin="23" yMax="441" yMin="-11"/><wx w="444" xMax="425" xMin="26" yMax="441" yMin="-217"/><wx w="444" xMax="414" xMin="31" yMax="664" yMin="-11"/><wx w="444" xMax="431" xMin="31" yMax="664" yMin="-11"/><wx w="444" xMax="466" xMin="31" yMax="661" yMin="-11"/><wx w="444" xMax="475" xMin="31" yMax="606" yMin="-11"/><wx w="278" xMax="302" xMin="47" yMax="664" yMin="-11"/><wx w="278" xMax="318" xMin="47" yMax="664" yMin="-11"/><wx w="278" xMax="351" xMin="47" yMax="661" yMin="-11"/><wx w="278" xMax="361" xMin="47" yMax="606" yMin="-11"/><wx w="500" xMax="482" xMin="27" yMax="683" yMin="-11"/><wx w="500" xMax="488" xMin="14" yMax="624" yMin="-9"/><wx w="500" xMax="468" xMin="27" yMax="664" yMin="-11"/><wx w="500" xMax="468" xMin="27" yMax="664" yMin="-11"/><wx w="500" xMax="468" xMin="27" yMax="661" yMin="-11"/><wx w="500" xMax="494" xMin="27" yMax="624" yMin="-11"/><wx w="500" xMax="474" xMin="27" yMax="606" yMin="-11"/><wx w="675" xMax="590" xMin="86" yMax="517" yMin="-11"/><wx w="500" xMax="469" xMin="28" yMax="554" yMin="-135"/><wx w="500" xMax="475" xMin="42" yMax="664" yMin="-11"/><wx w="500" xMax="475" xMin="42" yMax="664" yMin="-11"/><wx w="500" xMax="475" xMin="42" yMax="661" yMin="-11"/><wx w="500" xMax="475" xMin="42" yMax="606" yMin="-11"/><wx w="444" xMax="426" xMin="-24" yMax="664" yMin="-206"/><wx w="500" xMax="469" xMin="-75" yMax="683" yMin="-205"/><wx w="444" xMax="442" xMin="-24" yMax="606" yMin="-206"/><wx w="611" xMax="564" xMin="-51" yMax="757" yMin="0"/><wx w="501" xMax="481" xMin="17" yMax="543" yMin="-11"/><wx w="611" xMax="564" xMin="-51" yMax="862" yMin="0"/><wx w="501" xMax="481" xMin="17" yMax="650" yMin="-11"/><wx w="611" xMax="626" xMin="-51" yMax="668" yMin="-169"/><wx w="501" xMax="529" xMin="17" yMax="441" yMin="-169"/><wx w="667" xMax="689" xMin="66" yMax="876" yMin="-18"/><wx w="444" xMax="431" xMin="30" yMax="664" yMin="-11"/><wx w="667" xMax="689" xMin="66" yMax="875" yMin="-18"/><wx w="444" xMax="427" xMin="30" yMax="661" yMin="-11"/><wx w="667" xMax="689" xMin="66" yMax="818" yMin="-18"/><wx w="444" xMax="425" xMin="30" yMax="606" yMin="-11"/><wx w="667" xMax="689" xMin="66" yMax="875" yMin="-18"/><wx w="444" xMax="473" xMin="30" yMax="661" yMin="-11"/><wx w="722" xMax="700" xMin="-8" yMax="875" yMin="0"/><wx w="609" xMax="697" xMin="15" yMax="691" yMin="-13"/><wx w="722" xMax="700" xMin="-8" yMax="653" yMin="0"/><wx w="500" xMax="580" xMin="15" yMax="683" yMin="-13"/><wx w="611" xMax="634" xMin="-1" yMax="757" yMin="0"/><wx w="444" xMax="466" xMin="31" yMax="542" yMin="-11"/><wx w="611" xMax="634" xMin="-1" yMax="866" yMin="0"/><wx w="444" xMax="471" xMin="31" yMax="650" yMin="-11"/><wx w="611" xMax="634" xMin="-1" yMax="818" yMin="0"/><wx w="444" xMax="412" xMin="31" yMax="606" yMin="-11"/><wx w="611" xMax="634" xMin="-1" yMax="653" yMin="-175"/><wx w="444" xMax="412" xMin="31" yMax="441" yMin="-175"/><wx w="611" xMax="634" xMin="-1" yMax="875" yMin="0"/><wx w="444" xMax="502" xMin="31" yMax="661" yMin="-11"/><wx w="722" xMax="722" xMin="52" yMax="877" yMin="-18"/><wx w="500" xMax="471" xMin="8" yMax="661" yMin="-206"/><wx w="722" xMax="722" xMin="52" yMax="866" yMin="-18"/><wx w="500" xMax="476" xMin="8" yMax="650" yMin="-206"/><wx w="722" xMax="722" xMin="52" yMax="818" yMin="-18"/><wx w="500" xMax="471" xMin="8" yMax="606" yMin="-206"/><wx w="722" xMax="722" xMin="52" yMax="666" yMin="-267"/><wx w="500" xMax="471" xMin="8" yMax="724" yMin="-206"/><wx w="722" xMax="769" xMin="-8" yMax="875" yMin="0"/><wx w="500" xMax="478" xMin="19" yMax="875" yMin="-9"/><wx w="722" xMax="769" xMin="-8" yMax="653" yMin="0"/><wx w="500" xMax="478" xMin="19" yMax="683" yMin="-9"/><wx w="333" xMax="444" xMin="-8" yMax="836" yMin="0"/><wx w="278" xMax="357" xMin="30" yMax="624" yMin="-11"/><wx w="333" xMax="439" xMin="-8" yMax="757" yMin="0"/><wx w="278" xMax="341" xMin="29" yMax="543" yMin="-11"/><wx w="333" xMax="448" xMin="-8" yMax="866" yMin="0"/><wx w="278" xMax="347" xMin="46" yMax="650" yMin="-11"/><wx w="333" xMax="384" xMin="-8" yMax="653" yMin="-169"/><wx w="278" xMax="303" xMin="49" yMax="654" yMin="-169"/><wx w="333" xMax="384" xMin="-8" yMax="818" yMin="0"/><wx w="278" xMax="235" xMin="47" yMax="441" yMin="-11"/><wx w="750" xMax="783" xMin="-8" yMax="653" yMin="-18"/><wx w="500" xMax="500" xMin="49" yMax="654" yMin="-207"/><wx w="444" xMax="536" xMin="-6" yMax="877" yMin="-18"/><wx w="278" xMax="353" xMin="-124" yMax="661" yMin="-207"/><wx w="667" xMax="722" xMin="7" yMax="653" yMin="-267"/><wx w="444" xMax="461" xMin="14" yMax="683" yMin="-267"/><wx w="542" xMax="601" xMin="5" yMax="459" yMin="0"/><wx w="556" xMax="559" xMin="-8" yMax="876" yMin="0"/><wx w="278" xMax="348" xMin="41" yMax="876" yMin="-11"/><wx w="556" xMax="559" xMin="-8" yMax="653" yMin="-267"/><wx w="278" xMax="279" xMin="7" yMax="683" yMin="-267"/><wx w="556" xMax="595" xMin="-8" yMax="666" yMin="0"/><wx w="278" xMax="448" xMin="41" yMax="693" yMin="-11"/><wx w="556" xMax="559" xMin="-8" yMax="653" yMin="0"/><wx w="323" xMax="386" xMin="41" yMax="683" yMin="-11"/><wx w="556" xMax="559" xMin="-8" yMax="653" yMin="0"/><wx w="278" xMax="307" xMin="37" yMax="683" yMin="-11"/><wx w="667" xMax="727" xMin="-20" yMax="876" yMin="-15"/><wx w="500" xMax="474" xMin="14" yMax="664" yMin="-9"/><wx w="667" xMax="727" xMin="-20" yMax="653" yMin="-267"/><wx w="500" xMax="474" xMin="14" yMax="441" yMin="-267"/><wx w="667" xMax="727" xMin="-20" yMax="875" yMin="-15"/><wx w="500" xMax="475" xMin="14" yMax="661" yMin="-9"/><wx w="577" xMax="540" xMin="58" yMax="691" yMin="-9"/><wx w="722" xMax="700" xMin="-8" yMax="666" yMin="-18"/><wx w="500" xMax="442" xMin="14" yMax="441" yMin="-208"/><wx w="722" xMax="699" xMin="60" yMax="757" yMin="-18"/><wx w="500" xMax="511" xMin="27" yMax="543" yMin="-11"/><wx w="722" xMax="709" xMin="60" yMax="866" yMin="-18"/><wx w="500" xMax="533" xMin="27" yMax="650" yMin="-11"/><wx w="722" xMax="720" xMin="60" yMax="876" yMin="-18"/><wx w="500" xMax="541" xMin="27" yMax="664" yMin="-11"/><wx w="944" xMax="964" xMin="49" yMax="666" yMin="-8"/><wx w="667" xMax="646" xMin="20" yMax="441" yMin="-12"/><wx w="611" xMax="588" xMin="-13" yMax="876" yMin="0"/><wx w="389" xMax="412" xMin="45" yMax="664" yMin="0"/><wx w="611" xMax="588" xMin="-13" yMax="653" yMin="-267"/><wx w="389" xMax="412" xMin="-2" yMax="441" yMin="-267"/><wx w="611" xMax="588" xMin="-13" yMax="875" yMin="0"/><wx w="389" xMax="426" xMin="45" yMax="663" yMin="0"/><wx w="500" xMax="508" xMin="17" yMax="876" yMin="-18"/><wx w="389" xMax="403" xMin="16" yMax="664" yMin="-13"/><wx w="500" xMax="508" xMin="17" yMax="877" yMin="-18"/><wx w="389" xMax="385" xMin="16" yMax="661" yMin="-13"/><wx w="500" xMax="508" xMin="17" yMax="667" yMin="-217"/><wx w="389" xMax="366" xMin="16" yMax="442" yMin="-217"/><wx w="500" xMax="532" xMin="17" yMax="875" yMin="-18"/><wx w="389" xMax="426" xMin="16" yMax="663" yMin="-13"/><wx w="556" xMax="633" xMin="59" yMax="653" yMin="-217"/><wx w="278" xMax="296" xMin="-38" yMax="546" yMin="-217"/><wx w="556" xMax="633" xMin="59" yMax="875" yMin="0"/><wx w="278" xMax="453" xMin="38" yMax="693" yMin="-11"/><wx w="556" xMax="633" xMin="59" yMax="653" yMin="0"/><wx w="278" xMax="296" xMin="28" yMax="546" yMin="-11"/><wx w="722" xMax="765" xMin="102" yMax="836" yMin="-18"/><wx w="500" xMax="475" xMin="42" yMax="624" yMin="-11"/><wx w="722" xMax="765" xMin="102" yMax="757" yMin="-18"/><wx w="500" xMax="475" xMin="42" yMax="543" yMin="-11"/><wx w="722" xMax="765" xMin="102" yMax="866" yMin="-18"/><wx w="500" xMax="480" xMin="42" yMax="650" yMin="-11"/><wx w="722" xMax="765" xMin="102" yMax="907" yMin="-18"/><wx w="500" xMax="475" xMin="42" yMax="691" yMin="-11"/><wx w="722" xMax="765" xMin="102" yMax="876" yMin="-18"/><wx w="500" xMax="511" xMin="42" yMax="664" yMin="-11"/><wx w="722" xMax="765" xMin="102" yMax="653" yMin="-169"/><wx w="500" xMax="538" xMin="42" yMax="441" yMin="-169"/><wx w="833" xMax="906" xMin="71" yMax="877" yMin="-18"/><wx w="667" xMax="648" xMin="15" yMax="661" yMin="-18"/><wx w="556" xMax="633" xMin="78" yMax="877" yMin="0"/><wx w="444" xMax="426" xMin="-24" yMax="661" yMin="-206"/><wx w="556" xMax="633" xMin="78" yMax="818" yMin="0"/><wx w="556" xMax="606" xMin="-6" yMax="876" yMin="0"/><wx w="389" xMax="390" xMin="-2" yMax="664" yMin="-81"/><wx w="556" xMax="606" xMin="-6" yMax="818" yMin="0"/><wx w="389" xMax="380" xMin="-2" yMax="606" yMin="-81"/><wx w="556" xMax="606" xMin="-6" yMax="875" yMin="0"/><wx w="389" xMax="426" xMin="-2" yMax="663" yMin="-81"/><wx w="383" xMax="513" xMin="13" yMax="683" yMin="0"/><wx w="500" xMax="473" xMin="23" yMax="683" yMin="-11"/><wx w="500" xMax="577" xMin="30" yMax="548" yMin="-11"/><wx w="667" xMax="671" xMin="66" yMax="684" yMin="-6"/><wx w="472" xMax="494" xMin="-62" yMax="706" yMin="-159"/><wx w="672" xMax="654" xMin="19" yMax="683" yMin="-10"/><wx w="500" xMax="490" xMin="14" yMax="683" yMin="-11"/><wx w="278" xMax="279" xMin="41" yMax="683" yMin="-11"/><wx w="490" xMax="478" xMin="30" yMax="668" yMin="0"/><wx w="500" xMax="442" xMin="14" yMax="441" yMin="-233"/><wx w="722" xMax="783" xMin="60" yMax="691" yMin="-18"/><wx w="534" xMax="583" xMin="27" yMax="467" yMin="-11"/><wx w="504" xMax="472" xMin="-75" yMax="669" yMin="-205"/><wx w="340" xMax="319" xMin="31" yMax="684" yMin="-233"/><wx w="278" xMax="296" xMin="-54" yMax="546" yMin="-218"/><wx w="310" xMax="452" xMin="38" yMax="683" yMin="-11"/><wx w="754" xMax="881" xMin="102" yMax="765" yMin="-18"/><wx w="573" xMax="607" xMin="42" yMax="543" yMin="-11"/><wx w="500" xMax="462" xMin="8" yMax="450" yMin="-234"/><wx w="500" xMax="500" xMin="12" yMax="676" yMin="0"/><wx w="500" xMax="453" xMin="47" yMax="539" yMin="-12"/><wx w="170" xMax="258" xMin="15" yMax="736" yMin="0"/><wx w="290" xMax="379" xMin="15" yMax="736" yMin="0"/><wx w="340" xMax="429" xMin="15" yMax="736" yMin="0"/><wx w="333" xMax="304" xMin="39" yMax="667" yMin="-11"/><wx w="278" xMax="397" xMin="-124" yMax="661" yMin="-207"/><wx w="611" xMax="564" xMin="-51" yMax="950" yMin="0"/><wx w="501" xMax="476" xMin="17" yMax="860" yMin="-11"/><wx w="889" xMax="911" xMin="-27" yMax="876" yMin="0"/><wx w="667" xMax="640" xMin="23" yMax="664" yMin="-11"/><wx w="722" xMax="699" xMin="60" yMax="876" yMin="-105"/><wx w="500" xMax="469" xMin="28" yMax="664" yMin="-135"/><wx w="278" xMax="246" xMin="-124" yMax="441" yMin="-207"/><wx w="444" xMax="421" xMin="19" yMax="460" yMin="-10"/><wx w="511" xMax="487" xMin="17" yMax="460" yMin="-10"/><wx w="511" xMax="487" xMin="17" yMax="460" yMin="-10"/><wx w="500" xMax="488" xMin="23" yMax="683" yMin="-11"/><wx w="444" xMax="425" xMin="30" yMax="441" yMin="-11"/><wx w="444" xMax="425" xMin="-3" yMax="441" yMin="-160"/><wx w="500" xMax="527" xMin="15" yMax="683" yMin="-233"/><wx w="500" xMax="748" xMin="15" yMax="683" yMin="-13"/><wx w="444" xMax="416" xMin="31" yMax="441" yMin="-11"/><wx w="444" xMax="412" xMin="31" yMax="441" yMin="-11"/><wx w="639" xMax="639" xMin="31" yMax="441" yMin="-11"/><wx w="444" xMax="467" xMin="31" yMax="475" yMin="-14"/><wx w="480" xMax="447" xMin="31" yMax="475" yMin="-14"/><wx w="666" xMax="666" xMin="31" yMax="475" yMin="-14"/><wx w="490" xMax="458" xMin="30" yMax="475" yMin="-14"/><wx w="357" xMax="340" xMin="-100" yMax="441" yMin="-207"/><wx w="714" xMax="799" xMin="8" yMax="683" yMin="-212"/><wx w="595" xMax="579" xMin="8" yMax="482" yMin="-212"/><wx w="562" xMax="562" xMin="52" yMax="441" yMin="-11"/><wx w="444" xMax="426" xMin="15" yMax="441" yMin="-234"/><wx w="480" xMax="475" xMin="4" yMax="450" yMin="-10"/><wx w="500" xMax="478" xMin="19" yMax="450" yMin="-242"/><wx w="500" xMax="494" xMin="19" yMax="683" yMin="-9"/><wx w="500" xMax="494" xMin="-6" yMax="683" yMin="-233"/><wx w="278" xMax="264" xMin="16" yMax="654" yMin="-11"/><wx w="333" xMax="266" xMin="51" yMax="454" yMin="-10"/><wx w="247" xMax="298" xMin="-8" yMax="441" yMin="0"/><wx w="278" xMax="331" xMin="4" yMax="683" yMin="-11"/><wx w="375" xMax="366" xMin="12" yMax="683" yMin="-11"/><wx w="252" xMax="279" xMin="8" yMax="683" yMin="-233"/><wx w="575" xMax="537" xMin="41" yMax="683" yMin="-233"/><wx w="722" xMax="704" xMin="12" yMax="441" yMin="-9"/><wx w="722" xMax="704" xMin="12" yMax="441" yMin="-233"/><wx w="690" xMax="672" xMin="12" yMax="441" yMin="-233"/><wx w="606" xMax="580" xMin="-110" yMax="441" yMin="-233"/><wx w="498" xMax="487" xMin="14" yMax="441" yMin="-233"/><wx w="539" xMax="599" xMin="-20" yMax="441" yMin="-8"/><wx w="500" xMax="468" xMin="27" yMax="441" yMin="-11"/><wx w="718" xMax="738" xMin="49" yMax="441" yMin="-6"/><wx w="668" xMax="638" xMin="30" yMax="475" yMin="-4"/><wx w="660" xMax="630" xMin="30" yMax="683" yMin="-233"/><wx w="402" xMax="322" xMin="-45" yMax="441" yMin="0"/><wx w="383" xMax="384" xMin="-45" yMax="683" yMin="0"/><wx w="353" xMax="342" xMin="-45" yMax="441" yMin="-233"/><wx w="333" xMax="412" xMin="-20" yMax="441" yMin="-233"/><wx w="390" xMax="412" xMin="24" yMax="441" yMin="-233"/><wx w="401" xMax="424" xMin="45" yMax="470" yMin="0"/><wx w="338" xMax="293" xMin="66" yMax="470" yMin="0"/><wx w="475" xMax="501" xMin="25" yMax="464" yMin="0"/><wx w="475" xMax="581" xMin="25" yMax="464" yMin="0"/><wx w="389" xMax="376" xMin="9" yMax="442" yMin="-218"/><wx w="415" xMax="577" xMin="-110" yMax="683" yMin="-233"/><wx w="453" xMax="595" xMin="-110" yMax="683" yMin="-233"/><wx w="339" xMax="355" xMin="79" yMax="470" yMin="-233"/><wx w="439" xMax="602" xMin="-62" yMax="683" yMin="-243"/><wx w="330" xMax="296" xMin="38" yMax="460" yMin="-97"/><wx w="278" xMax="308" xMin="6" yMax="546" yMin="-233"/><wx w="500" xMax="479" xMin="9" yMax="441" yMin="-11"/><wx w="537" xMax="552" xMin="49" yMax="450" yMin="-10"/><wx w="500" xMax="475" xMin="52" yMax="441" yMin="-10"/><wx w="444" xMax="426" xMin="20" yMax="441" yMin="-18"/><wx w="667" xMax="648" xMin="15" yMax="441" yMin="-18"/><wx w="444" xMax="460" xMin="10" yMax="647" yMin="0"/><wx w="633" xMax="603" xMin="62" yMax="464" yMin="0"/><wx w="405" xMax="429" xMin="17" yMax="428" yMin="-218"/><wx w="393" xMax="380" xMin="17" yMax="428" yMin="-47"/><wx w="413" xMax="517" xMin="21" yMax="450" yMin="-233"/><wx w="457" xMax="544" xMin="7" yMax="450" yMin="-305"/><wx w="500" xMax="509" xMin="55" yMax="683" yMin="0"/><wx w="500" xMax="495" xMin="55" yMax="683" yMin="0"/><wx w="393" xMax="413" xMin="-25" yMax="662" yMin="-14"/><wx w="450" xMax="459" xMin="24" yMax="441" yMin="-238"/><wx w="723" xMax="704" xMin="22" yMax="679" yMin="-17"/><wx w="460" xMax="505" xMin="19" yMax="464" yMin="0"/><wx w="479" xMax="470" xMin="20" yMax="475" yMin="-14"/><wx w="570" xMax="650" xMin="29" yMax="515" yMin="-11"/><wx w="572" xMax="671" xMin="25" yMax="464" yMin="0"/><wx w="403" xMax="394" xMin="-80" yMax="652" yMin="-233"/><wx w="463" xMax="473" xMin="26" yMax="439" yMin="-255"/><wx w="470" xMax="473" xMin="25" yMax="464" yMin="0"/><wx w="480" xMax="666" xMin="25" yMax="582" yMin="-209"/><wx w="500" xMax="509" xMin="55" yMax="683" yMin="0"/><wx w="500" xMax="495" xMin="55" yMax="683" yMin="0"/><wx w="743" xMax="741" xMin="15" yMax="683" yMin="-13"/><wx w="743" xMax="780" xMin="15" yMax="683" yMin="-233"/><wx w="754" xMax="741" xMin="15" yMax="683" yMin="-47"/><wx w="500" xMax="523" xMin="38" yMax="546" yMin="-11"/><wx w="517" xMax="655" xMin="-32" yMax="683" yMin="-233"/><wx w="632" xMax="612" xMin="38" yMax="546" yMin="-16"/><wx w="378" xMax="391" xMin="7" yMax="838" yMin="326"/><wx w="378" xMax="414" xMin="7" yMax="838" yMin="326"/><wx w="300" xMax="350" xMin="44" yMax="851" yMin="199"/><wx w="320" xMax="320" xMin="2" yMax="690" yMin="345"/><wx w="320" xMax="318" xMin="0" yMax="690" yMin="345"/><wx w="320" xMax="335" xMin="0" yMax="690" yMin="163"/><wx w="390" xMax="462" xMin="6" yMax="684" yMin="345"/><wx w="500" xMax="515" xMin="15" yMax="690" yMin="327"/><wx w="330" xMax="357" xMin="16" yMax="693" yMin="202"/><wx w="333" xMax="236" xMin="79" yMax="686" yMin="443"/><wx w="326" xMax="307" xMin="30" yMax="690" yMin="295"/><wx w="326" xMax="343" xMin="23" yMax="690" yMin="295"/><wx w="333" xMax="385" xMin="91" yMax="661" yMin="492"/><wx w="333" xMax="426" xMin="121" yMax="661" yMin="492"/><wx w="333" xMax="418" xMin="117" yMax="650" yMin="492"/><wx w="333" xMax="305" xMin="207" yMax="606" yMin="508"/><wx w="333" xMax="355" xMin="155" yMax="707" yMin="508"/><wx w="333" xMax="200" xMin="-20" yMax="40" yMin="-169"/><wx w="333" xMax="427" xMin="100" yMax="624" yMin="517"/><wx w="333" xMax="486" xMin="93" yMax="664" yMin="494"/><wx w="315" xMax="335" xMin="23" yMax="684" yMin="218"/><wx w="220" xMax="214" xMin="41" yMax="837" yMin="333"/><wx w="300" xMax="290" xMin="16" yMax="691" yMin="335"/><wx w="380" xMax="379" xMin="4" yMax="691" yMin="333"/><wx w="318" xMax="345" xMin="8" yMax="847" yMin="333"/><wx w="320" xMax="305" xMin="15" yMax="70" yMin="-147"/><wx w="405" xMax="395" xMin="10" yMax="665" yMin="507"/><wx w="333" xMax="233" xMin="-94" yMax="-113" yMin="-220"/><wx w="289" xMax="322" xMin="160" yMax="649" yMin="494"/><wx w="333" xMax="387" xMin="70" yMax="649" yMin="494"/><wx w="611" xMax="564" xMin="-51" yMax="678" yMin="0"/><wx w="333" xMax="261" xMin="150" yMax="441" yMin="330"/><wx w="630" xMax="679" xMin="7" yMax="678" yMin="0"/><wx w="740" xMax="821" xMin="4" yMax="678" yMin="0"/><wx w="350" xMax="429" xMin="3" yMax="678" yMin="0"/><wx w="722" xMax="699" xMin="58" yMax="678" yMin="-18"/><wx w="580" xMax="725" xMin="8" yMax="678" yMin="0"/><wx w="762" xMax="739" xMin="-6" yMax="678" yMin="0"/><wx w="278" xMax="387" xMin="49" yMax="649" yMin="-11"/><wx w="611" xMax="564" xMin="-51" yMax="668" yMin="0"/><wx w="611" xMax="588" xMin="-8" yMax="653" yMin="0"/><wx w="611" xMax="645" xMin="8" yMax="653" yMin="0"/><wx w="611" xMax="526" xMin="-32" yMax="668" yMin="0"/><wx w="611" xMax="634" xMin="-1" yMax="653" yMin="0"/><wx w="556" xMax="606" xMin="-6" yMax="653" yMin="0"/><wx w="722" xMax="769" xMin="-8" yMax="653" yMin="0"/><wx w="722" xMax="699" xMin="60" yMax="666" yMin="-18"/><wx w="333" xMax="384" xMin="-8" yMax="653" yMin="0"/><wx w="667" xMax="722" xMin="7" yMax="653" yMin="0"/><wx w="611" xMax="564" xMin="-51" yMax="668" yMin="0"/><wx w="833" xMax="872" xMin="-18" yMax="653" yMin="0"/><wx w="667" xMax="727" xMin="-20" yMax="653" yMin="-15"/><wx w="651" xMax="680" xMin="-6" yMax="653" yMin="0"/><wx w="722" xMax="699" xMin="60" yMax="666" yMin="-18"/><wx w="722" xMax="769" xMin="-8" yMax="653" yMin="0"/><wx w="611" xMax="605" xMin="0" yMax="653" yMin="0"/><wx w="620" xMax="659" xMin="-6" yMax="653" yMin="0"/><wx w="556" xMax="633" xMin="59" yMax="653" yMin="0"/><wx w="556" xMax="648" xMin="78" yMax="668" yMin="0"/><wx w="741" xMax="731" xMin="50" yMax="653" yMin="0"/><wx w="611" xMax="655" xMin="-29" yMax="653" yMin="0"/><wx w="675" xMax="778" xMin="77" yMax="667" yMin="0"/><wx w="762" xMax="739" xMin="-6" yMax="666" yMin="0"/><wx w="333" xMax="460" xMin="-8" yMax="856" yMin="0"/><wx w="556" xMax="648" xMin="78" yMax="856" yMin="0"/><wx w="552" xMax="549" xMin="27" yMax="649" yMin="-11"/><wx w="444" xMax="425" xMin="30" yMax="649" yMin="-11"/><wx w="474" xMax="442" xMin="14" yMax="649" yMin="-205"/><wx w="278" xMax="288" xMin="49" yMax="649" yMin="-11"/><wx w="478" xMax="446" xMin="19" yMax="649" yMin="-10"/><wx w="552" xMax="549" xMin="27" yMax="441" yMin="-11"/><wx w="506" xMax="514" xMin="-40" yMax="678" yMin="-205"/><wx w="410" xMax="438" xMin="19" yMax="435" yMin="-206"/><wx w="460" xMax="460" xMin="24" yMax="668" yMin="-11"/><wx w="444" xMax="425" xMin="30" yMax="441" yMin="-11"/><wx w="454" xMax="475" xMin="30" yMax="683" yMin="-185"/><wx w="474" xMax="442" xMin="14" yMax="441" yMin="-205"/><wx w="480" xMax="494" xMin="27" yMax="678" yMin="-11"/><wx w="278" xMax="235" xMin="49" yMax="441" yMin="-11"/><wx w="444" xMax="465" xMin="14" yMax="441" yMin="-13"/><wx w="458" xMax="431" xMin="-12" yMax="678" yMin="-16"/><wx w="526" xMax="483" xMin="-33" yMax="428" yMin="-205"/><wx w="470" xMax="459" xMin="20" yMax="441" yMin="-18"/><wx w="454" xMax="446" xMin="30" yMax="683" yMin="-185"/><wx w="500" xMax="468" xMin="27" yMax="441" yMin="-11"/><wx w="504" xMax="536" xMin="19" yMax="428" yMin="-18"/><wx w="504" xMax="471" xMin="-40" yMax="441" yMin="-205"/><wx w="454" xMax="453" xMin="30" yMax="441" yMin="-185"/><wx w="498" xMax="531" xMin="27" yMax="428" yMin="-11"/><wx w="410" xMax="426" xMin="12" yMax="428" yMin="-11"/><wx w="478" xMax="446" xMin="19" yMax="441" yMin="-10"/><wx w="622" xMax="590" xMin="27" yMax="441" yMin="-205"/><wx w="457" xMax="498" xMin="-108" yMax="441" yMin="-207"/><wx w="584" xMax="668" xMin="15" yMax="441" yMin="-205"/><wx w="686" xMax="654" xMin="27" yMax="439" yMin="-11"/><wx w="278" xMax="359" xMin="49" yMax="606" yMin="-11"/><wx w="478" xMax="446" xMin="19" yMax="606" yMin="-10"/><wx w="500" xMax="468" xMin="27" yMax="649" yMin="-11"/><wx w="478" xMax="446" xMin="19" yMax="649" yMin="-10"/><wx w="686" xMax="654" xMin="27" yMax="649" yMin="-11"/><wx w="456" xMax="436" xMin="45" yMax="694" yMin="-10"/><wx w="556" xMax="526" xMin="19" yMax="678" yMin="-10"/><wx w="596" xMax="693" xMin="78" yMax="668" yMin="0"/><wx w="627" xMax="595" xMin="27" yMax="683" yMin="-205"/><wx w="792" xMax="832" xMin="17" yMax="428" yMin="-11"/><wx w="722" xMax="699" xMin="60" yMax="666" yMin="-205"/><wx w="500" xMax="468" xMin="27" yMax="441" yMin="-205"/><wx w="673" xMax="665" xMin="55" yMax="666" yMin="-207"/><wx w="444" xMax="482" xMin="30" yMax="458" yMin="-185"/><wx w="557" xMax="645" xMin="8" yMax="653" yMin="0"/><wx w="487" xMax="472" xMin="32" yMax="433" yMin="-190"/><wx w="645" xMax="675" xMin="19" yMax="773" yMin="-18"/><wx w="457" xMax="445" xMin="31" yMax="683" yMin="0"/><wx w="708" xMax="668" xMin="7" yMax="666" yMin="-207"/><wx w="528" xMax="448" xMin="93" yMax="552" yMin="-210"/><wx w="533" xMax="559" xMin="-16" yMax="441" yMin="-13"/><wx w="516" xMax="484" xMin="27" yMax="441" yMin="-205"/><wx w="722" xMax="699" xMin="60" yMax="666" yMin="-18"/><wx w="444" xMax="420" xMin="30" yMax="441" yMin="-11"/><wx w="444" xMax="414" xMin="24" yMax="441" yMin="-11"/><wx w="611" xMax="631" xMin="1" yMax="856" yMin="0"/><wx w="723" xMax="663" xMin="70" yMax="653" yMin="-208"/><wx w="569" xMax="603" xMin="-36" yMax="914" yMin="0"/><wx w="657" xMax="680" xMin="67" yMax="666" yMin="-18"/><wx w="500" xMax="498" xMin="7" yMax="667" yMin="-18"/><wx w="333" xMax="382" xMin="-7" yMax="653" yMin="0"/><wx w="333" xMax="433" xMin="-31" yMax="856" yMin="0"/><wx w="444" xMax="463" xMin="-34" yMax="653" yMin="-18"/><wx w="961" xMax="901" xMin="-35" yMax="653" yMin="-16"/><wx w="966" xMax="906" xMin="-28" yMax="653" yMin="0"/><wx w="786" xMax="701" xMin="70" yMax="653" yMin="0"/><wx w="621" xMax="657" xMin="-28" yMax="914" yMin="0"/><wx w="656" xMax="716" xMin="110" yMax="887" yMin="-14"/><wx w="722" xMax="747" xMin="-25" yMax="653" yMin="-179"/><wx w="611" xMax="566" xMin="-49" yMax="668" yMin="0"/><wx w="590" xMax="603" xMin="-28" yMax="653" yMin="0"/><wx w="597" xMax="571" xMin="-23" yMax="653" yMin="0"/><wx w="569" xMax="603" xMin="-36" yMax="653" yMin="0"/><wx w="655" xMax="696" xMin="-103" yMax="653" yMin="-179"/><wx w="611" xMax="631" xMin="1" yMax="653" yMin="0"/><wx w="956" xMax="972" xMin="-55" yMax="661" yMin="0"/><wx w="564" xMax="548" xMin="9" yMax="668" yMin="-16"/><wx w="708" xMax="749" xMin="-25" yMax="653" yMin="0"/><wx w="708" xMax="749" xMin="-25" yMax="887" yMin="0"/><wx w="621" xMax="657" xMin="-28" yMax="661" yMin="0"/><wx w="699" xMax="740" xMin="-35" yMax="653" yMin="-16"/><wx w="814" xMax="855" xMin="-33" yMax="653" yMin="0"/><wx w="708" xMax="749" xMin="-26" yMax="653" yMin="0"/><wx w="712" xMax="699" xMin="60" yMax="666" yMin="-18"/><wx w="704" xMax="745" xMin="-29" yMax="653" yMin="0"/><wx w="568" xMax="578" xMin="-24" yMax="653" yMin="0"/><wx w="667" xMax="690" xMin="67" yMax="666" yMin="-18"/><wx w="556" xMax="644" xMin="70" yMax="653" yMin="0"/><wx w="656" xMax="716" xMin="110" yMax="653" yMin="-14"/><wx w="772" xMax="758" xMin="73" yMax="653" yMin="0"/><wx w="575" xMax="617" xMin="-67" yMax="653" yMin="0"/><wx w="706" xMax="747" xMin="-25" yMax="653" yMin="-179"/><wx w="622" xMax="663" xMin="54" yMax="653" yMin="0"/><wx w="936" xMax="977" xMin="-14" yMax="653" yMin="0"/><wx w="936" xMax="977" xMin="-14" yMax="653" yMin="-179"/><wx w="695" xMax="652" xMin="63" yMax="653" yMin="0"/><wx w="852" xMax="893" xMin="-28" yMax="653" yMin="0"/><wx w="597" xMax="537" xMin="-28" yMax="653" yMin="0"/><wx w="658" xMax="636" xMin="15" yMax="666" yMin="-18"/><wx w="877" xMax="850" xMin="-32" yMax="666" yMin="-18"/><wx w="635" xMax="676" xMin="-49" yMax="653" yMin="0"/><wx w="514" xMax="482" xMin="23" yMax="441" yMin="-11"/><wx w="498" xMax="535" xMin="36" yMax="683" yMin="-11"/><wx w="442" xMax="423" xMin="31" yMax="441" yMin="-11"/><wx w="390" xMax="384" xMin="1" yMax="441" yMin="-11"/><wx w="489" xMax="470" xMin="30" yMax="683" yMin="-11"/><wx w="440" xMax="422" xMin="34" yMax="441" yMin="-11"/><wx w="799" xMax="791" xMin="0" yMax="441" yMin="-11"/><wx w="376" xMax="357" xMin="-18" yMax="441" yMin="-11"/><wx w="527" xMax="495" xMin="29" yMax="441" yMin="-11"/><wx w="527" xMax="495" xMin="29" yMax="667" yMin="-11"/><wx w="491" xMax="485" xMin="18" yMax="441" yMin="-11"/><wx w="474" xMax="442" xMin="-44" yMax="441" yMin="-12"/><wx w="633" xMax="601" xMin="-45" yMax="432" yMin="-12"/><wx w="504" xMax="472" xMin="20" yMax="441" yMin="-9"/><wx w="489" xMax="470" xMin="29" yMax="441" yMin="-11"/><wx w="511" xMax="479" xMin="19" yMax="441" yMin="-9"/><wx w="483" xMax="464" xMin="-77" yMax="441" yMin="-205"/><wx w="441" xMax="422" xMin="27" yMax="441" yMin="-11"/><wx w="741" xMax="709" xMin="17" yMax="441" yMin="-9"/><wx w="421" xMax="389" xMin="-61" yMax="441" yMin="-206"/><wx w="702" xMax="677" xMin="29" yMax="683" yMin="-205"/><wx w="444" xMax="439" xMin="-35" yMax="441" yMin="-11"/><wx w="527" xMax="495" xMin="29" yMax="441" yMin="-182"/><wx w="482" xMax="450" xMin="42" yMax="441" yMin="-9"/><wx w="785" xMax="753" xMin="31" yMax="441" yMin="-11"/><wx w="785" xMax="753" xMin="31" yMax="441" yMin="-182"/><wx w="567" xMax="528" xMin="12" yMax="441" yMin="-11"/><wx w="689" xMax="657" xMin="50" yMax="441" yMin="-11"/><wx w="471" xMax="433" xMin="50" yMax="441" yMin="-11"/><wx w="408" xMax="391" xMin="7" yMax="441" yMin="-11"/><wx w="674" xMax="655" xMin="21" yMax="441" yMin="-11"/><wx w="481" xMax="449" xMin="-25" yMax="432" yMin="-9"/><wx w="440" xMax="475" xMin="34" yMax="606" yMin="-11"/><wx w="479" xMax="448" xMin="20" yMax="683" yMin="-208"/><wx w="390" xMax="455" xMin="1" yMax="664" yMin="-11"/><wx w="428" xMax="441" xMin="26" yMax="441" yMin="-11"/><wx w="389" xMax="341" xMin="-9" yMax="442" yMin="-13"/><wx w="278" xMax="258" xMin="43" yMax="654" yMin="-11"/><wx w="278" xMax="357" xMin="43" yMax="606" yMin="-11"/><wx w="278" xMax="231" xMin="-172" yMax="652" yMin="-207"/><wx w="679" xMax="631" xMin="-44" yMax="441" yMin="-12"/><wx w="697" xMax="649" xMin="21" yMax="441" yMin="-11"/><wx w="511" xMax="479" xMin="20" yMax="683" yMin="-9"/><wx w="491" xMax="485" xMin="18" yMax="664" yMin="-11"/><wx w="421" xMax="417" xMin="-61" yMax="667" yMin="-206"/><wx w="527" xMax="495" xMin="29" yMax="441" yMin="-182"/><wx w="681" xMax="621" xMin="19" yMax="653" yMin="0"/><wx w="542" xMax="504" xMin="13" yMax="683" yMin="-11"/><wx w="953" xMax="893" xMin="-55" yMax="653" yMin="0"/><wx w="741" xMax="686" xMin="0" yMax="432" yMin="-11"/><wx w="712" xMax="699" xMin="60" yMax="666" yMin="-18"/><wx w="489" xMax="470" xMin="29" yMax="441" yMin="-11"/><wx w="646" xMax="742" xMin="76" yMax="662" yMin="-18"/><wx w="464" xMax="528" xMin="34" yMax="441" yMin="-18"/><wx w="524" xMax="622" xMin="-30" yMax="783" yMin="0"/><wx w="337" xMax="404" xMin="42" yMax="507" yMin="-11"/><wx w="833" xMax="906" xMin="71" yMax="880" yMin="-18"/><wx w="667" xMax="648" xMin="15" yMax="664" yMin="-18"/><wx w="833" xMax="906" xMin="71" yMax="876" yMin="-18"/><wx w="667" xMax="648" xMin="15" yMax="664" yMin="-18"/><wx w="833" xMax="906" xMin="71" yMax="818" yMin="-18"/><wx w="667" xMax="648" xMin="15" yMax="606" yMin="-18"/><wx w="556" xMax="633" xMin="78" yMax="880" yMin="0"/><wx w="444" xMax="426" xMin="-24" yMax="664" yMin="-206"/><wx w="333" xMax="282" xMin="49" yMax="257" yMin="191"/><wx w="333" xMax="282" xMin="49" yMax="257" yMin="191"/><wx w="500" xMax="508" xMin="-8" yMax="258" yMin="192"/><wx w="500" xMax="505" xMin="-6" yMax="243" yMin="197"/><wx w="889" xMax="894" xMin="-6" yMax="243" yMin="197"/><wx w="333" xMax="310" xMin="171" yMax="666" yMin="436"/><wx w="333" xMax="290" xMin="151" yMax="666" yMin="436"/><wx w="333" xMax="183" xMin="44" yMax="101" yMin="-129"/><wx w="333" xMax="290" xMin="169" yMax="666" yMin="436"/><wx w="556" xMax="514" xMin="166" yMax="666" yMin="436"/><wx w="556" xMax="499" xMin="151" yMax="666" yMin="436"/><wx w="556" xMax="405" xMin="57" yMax="101" yMin="-129"/><wx w="556" xMax="499" xMin="169" yMax="666" yMin="436"/><wx w="500" xMax="488" xMin="101" yMax="666" yMin="-159"/><wx w="500" xMax="491" xMin="22" yMax="666" yMin="-143"/><wx w="523" xMax="455" xMin="70" yMax="444" yMin="59"/><wx w="889" xMax="762" xMin="57" yMax="100" yMin="-11"/><wx w="1117" xMax="1067" xMin="80" yMax="706" yMin="-19"/><wx w="1479" xMax="1429" xMin="80" yMax="706" yMin="-19"/><wx w="333" xMax="281" xMin="51" yMax="403" yMin="37"/><wx w="333" xMax="282" xMin="52" yMax="403" yMin="37"/><wx w="500" xMax="500" xMin="0" yMax="820" yMin="770"/><wx w="167" xMax="337" xMin="-169" yMax="676" yMin="-10"/><wx w="611" xMax="645" xMin="8" yMax="653" yMin="0"/><wx w="500" xMax="517" xMin="10" yMax="670" yMin="-8"/><wx w="1149" xMax="1126" xMin="0" yMax="653" yMin="-13"/><wx w="500" xMax="538" xMin="16" yMax="664" yMin="-12"/><wx w="0" xMax="-17" xMin="-453" yMax="760" yMin="627"/><wx w="0" xMax="10" xMin="-426" yMax="760" yMin="627"/><wx w="0" xMax="-234" xMin="-300" yMax="662" yMin="-156"/><wx w="0" xMax="-17" xMin="-453" yMax="760" yMin="548"/><wx w="0" xMax="-17" xMin="-453" yMax="760" yMin="548"/><wx w="0" xMax="44" xMin="-453" yMax="622" yMin="523"/><wx w="0" xMax="114" xMin="-582" yMax="622" yMin="523"/><wx w="0" xMax="223" xMin="-723" yMax="725" yMin="-221"/><wx w="0" xMax="25" xMin="-453" yMax="760" yMin="548"/><wx w="0" xMax="490" xMin="-970" yMax="1023" yMin="-155"/><wx w="0" xMax="-24" xMin="-430" yMax="662" yMin="-156"/><wx w="0" xMax="-86" xMin="-351" yMax="662" yMin="-156"/><wx w="0" xMax="221" xMin="-595" yMax="725" yMin="-178"/><wx w="0" xMax="35" xMin="-462" yMax="-119" yMin="-218"/><wx w="0" xMax="55" xMin="-478" yMax="681" yMin="538"/><wx w="0" xMax="153" xMin="-793" yMax="419" yMin="87"/><wx w="0" xMax="463" xMin="27" yMax="-119" yMin="-252"/><wx w="0" xMax="463" xMin="27" yMax="-119" yMin="-252"/><wx w="0" xMax="-17" xMin="-453" yMax="-40" yMin="-252"/><wx w="0" xMax="-17" xMin="-453" yMax="-40" yMin="-252"/><wx w="702" xMax="702" xMin="35" yMax="666" yMin="-18"/><wx w="855" xMax="808" xMin="47" yMax="676" yMin="-14"/><wx w="738" xMax="678" xMin="30" yMax="441" yMin="-219"/><wx w="997" xMax="991" xMin="53" yMax="687" yMin="-15"/><wx w="732" xMax="767" xMin="17" yMax="653" yMin="0"/><wx w="513" xMax="483" xMin="45" yMax="668" yMin="-11"/><wx w="897" xMax="888" xMin="26" yMax="675" yMin="-15"/><wx w="946" xMax="931" xMin="33" yMax="687" yMin="-15"/><wx w="579" xMax="571" xMin="48" yMax="687" yMin="-11"/><wx w="727" xMax="755" xMin="25" yMax="653" yMin="0"/><wx w="1046" xMax="1031" xMin="19" yMax="668" yMin="-15"/><wx w="687" xMax="686" xMin="17" yMax="653" yMin="0"/><wx w="723" xMax="713" xMin="35" yMax="666" yMin="-71"/><wx w="944" xMax="876" xMin="34" yMax="687" yMin="-15"/><wx w="687" xMax="686" xMin="17" yMax="653" yMin="0"/><wx w="980" xMax="957" xMin="30" yMax="653" yMin="247"/><wx w="754" xMax="750" xMin="7" yMax="653" yMin="0"/><wx w="950" xMax="902" xMin="34" yMax="687" yMin="-15"/><wx w="627" xMax="554" xMin="30" yMax="441" yMin="-11"/><wx w="750" xMax="734" xMin="100" yMax="687" yMin="-15"/><wx w="919" xMax="907" xMin="43" yMax="680" yMin="0"/><wx w="1072" xMax="1056" xMin="38" yMax="674" yMin="-15"/><wx w="697" xMax="680" xMin="30" yMax="441" yMin="-11"/><wx w="635" xMax="630" xMin="40" yMax="428" yMin="-12"/><wx w="750" xMax="780" xMin="30" yMax="653" yMin="0"/><wx w="713" xMax="703" xMin="17" yMax="653" yMin="0"/><wx w="581" xMax="634" xMin="40" yMax="683" yMin="-11"/><wx w="515" xMax="485" xMin="40" yMax="441" yMin="-11"/><wx w="293" xMax="346" xMin="27" yMax="653" yMin="0"/><wx w="341" xMax="394" xMin="-104" yMax="653" yMin="-217"/><wx w="471" xMax="471" xMin="40" yMax="668" yMin="-11"/><wx w="675" xMax="590" xMin="86" yMax="286" yMin="220"/><wx w="500" xMax="460" xMin="40" yMax="16" yMin="-120"/><wx w="684" xMax="684" xMin="0" yMax="676" yMin="-14"/><wx w="684" xMax="684" xMin="0" yMax="676" yMin="-14"/><wx w="684" xMax="684" xMin="0" yMax="676" yMin="-14"/><wx w="684" xMax="684" xMin="0" yMax="676" yMin="-14"/><wx w="684" xMax="684" xMin="0" yMax="676" yMin="-14"/><wx w="684" xMax="684" xMin="0" yMax="676" yMin="-14"/><wx w="684" xMax="684" xMin="0" yMax="676" yMin="-14"/><wx w="684" xMax="684" xMin="0" yMax="676" yMin="-14"/><wx w="684" xMax="684" xMin="0" yMax="676" yMin="-14"/><wx w="684" xMax="684" xMin="0" yMax="676" yMin="-14"/><wx w="684" xMax="684" xMin="0" yMax="676" yMin="-14"/><wx w="684" xMax="684" xMin="0" yMax="676" yMin="-14"/><wx w="684" xMax="684" xMin="0" yMax="676" yMin="-14"/><wx w="684" xMax="684" xMin="0" yMax="676" yMin="-14"/><wx w="684" xMax="684" xMin="0" yMax="676" yMin="-14"/><wx w="684" xMax="684" xMin="0" yMax="676" yMin="-14"/><wx w="684" xMax="684" xMin="0" yMax="676" yMin="-14"/><wx w="684" xMax="684" xMin="0" yMax="676" yMin="-14"/><wx w="684" xMax="684" xMin="0" yMax="676" yMin="-14"/><wx w="684" xMax="684" xMin="0" yMax="676" yMin="-14"/><wx w="684" xMax="684" xMin="0" yMax="676" yMin="-14"/><wx w="684" xMax="684" xMin="0" yMax="676" yMin="-14"/><wx w="684" xMax="684" xMin="0" yMax="676" yMin="-14"/><wx w="684" xMax="684" xMin="0" yMax="676" yMin="-14"/><wx w="684" xMax="684" xMin="0" yMax="676" yMin="-14"/><wx w="684" xMax="684" xMin="0" yMax="676" yMin="-14"/><wx w="684" xMax="684" xMin="0" yMax="676" yMin="-14"/><wx w="684" xMax="684" xMin="0" yMax="676" yMin="-14"/><wx w="684" xMax="684" xMin="0" yMax="676" yMin="-14"/><wx w="684" xMax="684" xMin="0" yMax="676" yMin="-14"/><wx w="684" xMax="684" xMin="0" yMax="676" yMin="-14"/><wx w="684" xMax="684" xMin="0" yMax="676" yMin="-14"/><wx w="684" xMax="684" xMin="0" yMax="676" yMin="-14"/><wx w="684" xMax="684" xMin="0" yMax="676" yMin="-14"/><wx w="684" xMax="684" xMin="0" yMax="676" yMin="-14"/><wx w="684" xMax="684" xMin="0" yMax="676" yMin="-14"/><wx w="684" xMax="684" xMin="0" yMax="676" yMin="-14"/><wx w="684" xMax="684" xMin="0" yMax="676" yMin="-14"/><wx w="684" xMax="684" xMin="0" yMax="676" yMin="-14"/><wx w="684" xMax="684" xMin="0" yMax="676" yMin="-14"/><wx w="684" xMax="684" xMin="0" yMax="676" yMin="-14"/><wx w="684" xMax="684" xMin="0" yMax="676" yMin="-14"/><wx w="684" xMax="684" xMin="0" yMax="676" yMin="-14"/><wx w="684" xMax="684" xMin="0" yMax="676" yMin="-14"/><wx w="684" xMax="684" xMin="0" yMax="676" yMin="-14"/><wx w="684" xMax="684" xMin="0" yMax="676" yMin="-14"/><wx w="684" xMax="684" xMin="0" yMax="676" yMin="-14"/><wx w="684" xMax="684" xMin="0" yMax="676" yMin="-14"/><wx w="684" xMax="684" xMin="0" yMax="676" yMin="-14"/><wx w="684" xMax="684" xMin="0" yMax="676" yMin="-14"/><wx w="684" xMax="684" xMin="0" yMax="676" yMin="-14"/><wx w="684" xMax="684" xMin="0" yMax="676" yMin="-14"/><wx w="684" xMax="684" xMin="0" yMax="676" yMin="-14"/><wx w="684" xMax="684" xMin="0" yMax="676" yMin="-14"/><wx w="684" xMax="684" xMin="0" yMax="676" yMin="-14"/><wx w="684" xMax="684" xMin="0" yMax="676" yMin="-14"/><wx w="684" xMax="684" xMin="0" yMax="676" yMin="-14"/><wx w="684" xMax="684" xMin="0" yMax="676" yMin="-14"/><wx w="684" xMax="684" xMin="0" yMax="676" yMin="-14"/><wx w="684" xMax="684" xMin="0" yMax="676" yMin="-14"/><wx w="684" xMax="684" xMin="0" yMax="676" yMin="-14"/><wx w="684" xMax="684" xMin="0" yMax="676" yMin="-14"/><wx w="708" xMax="719" xMin="-11" yMax="340" yMin="267"/><wx w="708" xMax="390" xMin="317" yMax="910" yMin="-303"/><wx w="708" xMax="720" xMin="317" yMax="340" yMin="-303"/><wx w="708" xMax="390" xMin="-11" yMax="340" yMin="-303"/><wx w="708" xMax="720" xMin="317" yMax="910" yMin="267"/><wx w="708" xMax="390" xMin="-11" yMax="910" yMin="267"/><wx w="708" xMax="719" xMin="317" yMax="910" yMin="-303"/><wx w="708" xMax="390" xMin="-11" yMax="910" yMin="-303"/><wx w="708" xMax="719" xMin="-11" yMax="340" yMin="-303"/><wx w="708" xMax="719" xMin="-11" yMax="910" yMin="267"/><wx w="708" xMax="719" xMin="-11" yMax="910" yMin="-303"/><wx w="708" xMax="719" xMin="-11" yMax="433" yMin="174"/><wx w="708" xMax="483" xMin="225" yMax="910" yMin="-303"/><wx w="708" xMax="720" xMin="317" yMax="433" yMin="-303"/><wx w="708" xMax="720" xMin="225" yMax="340" yMin="-303"/><wx w="708" xMax="719" xMin="225" yMax="433" yMin="-303"/><wx w="708" xMax="390" xMin="-11" yMax="433" yMin="-303"/><wx w="708" xMax="483" xMin="-11" yMax="340" yMin="-303"/><wx w="708" xMax="483" xMin="-11" yMax="433" yMin="-303"/><wx w="708" xMax="720" xMin="317" yMax="910" yMin="174"/><wx w="708" xMax="720" xMin="225" yMax="910" yMin="267"/><wx w="708" xMax="719" xMin="225" yMax="910" yMin="174"/><wx w="708" xMax="390" xMin="-11" yMax="910" yMin="174"/><wx w="708" xMax="483" xMin="-11" yMax="910" yMin="267"/><wx w="708" xMax="483" xMin="-11" yMax="910" yMin="174"/><wx w="708" xMax="720" xMin="317" yMax="910" yMin="-303"/><wx w="708" xMax="720" xMin="225" yMax="910" yMin="-303"/><wx w="708" xMax="720" xMin="225" yMax="910" yMin="-303"/><wx w="708" xMax="390" xMin="-11" yMax="910" yMin="-303"/><wx w="708" xMax="483" xMin="-11" yMax="910" yMin="-303"/><wx w="708" xMax="483" xMin="-11" yMax="910" yMin="-303"/><wx w="708" xMax="719" xMin="-11" yMax="433" yMin="-303"/><wx w="708" xMax="719" xMin="-11" yMax="340" yMin="-303"/><wx w="708" xMax="719" xMin="-11" yMax="433" yMin="-303"/><wx w="708" xMax="719" xMin="-11" yMax="910" yMin="174"/><wx w="708" xMax="719" xMin="-11" yMax="910" yMin="267"/><wx w="708" xMax="719" xMin="-11" yMax="910" yMin="174"/><wx w="708" xMax="719" xMin="-11" yMax="910" yMin="-303"/><wx w="708" xMax="719" xMin="-11" yMax="910" yMin="-303"/><wx w="708" xMax="719" xMin="-11" yMax="910" yMin="-303"/><wx w="527" xMax="673" xMin="-147" yMax="678" yMin="-207"/><wx w="500" xMax="481" xMin="-141" yMax="681" yMin="-207"/><wx w="500" xMax="518" xMin="-141" yMax="682" yMin="-204"/><wx w="744" xMax="725" xMin="-147" yMax="681" yMin="-207"/><wx w="745" xMax="763" xMin="-147" yMax="682" yMin="-207"/><wx w="717" xMax="685" xMin="35" yMax="667" yMin="0"/><wx w="696" xMax="686" xMin="38" yMax="653" yMin="0"/><wx w="671" xMax="711" xMin="50" yMax="659" yMin="-12"/><wx w="790" xMax="765" xMin="38" yMax="653" yMin="0"/><wx w="714" xMax="734" xMin="38" yMax="653" yMin="0"/><wx w="618" xMax="723" xMin="38" yMax="653" yMin="0"/><wx w="734" xMax="734" xMin="50" yMax="668" yMin="-12"/><wx w="873" xMax="923" xMin="38" yMax="653" yMin="0"/><wx w="480" xMax="530" xMin="38" yMax="653" yMin="0"/><wx w="540" xMax="620" xMin="60" yMax="653" yMin="-12"/><wx w="762" xMax="802" xMin="38" yMax="653" yMin="0"/><wx w="708" xMax="668" xMin="38" yMax="653" yMin="0"/><wx w="1005" xMax="1055" xMin="38" yMax="653" yMin="0"/><wx w="851" xMax="901" xMin="38" yMax="653" yMin="0"/><wx w="732" xMax="712" xMin="50" yMax="669" yMin="-11"/><wx w="594" xMax="704" xMin="38" yMax="653" yMin="0"/><wx w="781" xMax="731" xMin="50" yMax="667" yMin="-152"/><wx w="740" xMax="725" xMin="38" yMax="653" yMin="0"/><wx w="650" xMax="680" xMin="50" yMax="668" yMin="-10"/><wx w="550" xMax="670" xMin="25" yMax="653" yMin="0"/><wx w="705" xMax="775" xMin="65" yMax="653" yMin="-13"/><wx w="575" xMax="760" xMin="60" yMax="653" yMin="-16"/><wx w="916" xMax="1101" xMin="60" yMax="653" yMin="-16"/><wx w="790" xMax="810" xMin="25" yMax="653" yMin="0"/><wx w="535" xMax="695" xMin="35" yMax="653" yMin="0"/><wx w="772" xMax="802" xMin="60" yMax="653" yMin="0"/><wx w="502" xMax="472" xMin="40" yMax="441" yMin="-10"/><wx w="470" xMax="450" xMin="45" yMax="668" yMin="-11"/><wx w="415" xMax="400" xMin="40" yMax="441" yMin="-11"/><wx w="532" xMax="527" xMin="40" yMax="668" yMin="-12"/><wx w="445" xMax="410" xMin="40" yMax="441" yMin="-11"/><wx w="555" xMax="615" xMin="40" yMax="668" yMin="-187"/><wx w="492" xMax="492" xMin="20" yMax="441" yMin="-187"/><wx w="311" xMax="257" xMin="50" yMax="616" yMin="-11"/><wx w="389" xMax="372" xMin="-16" yMax="616" yMin="-187"/><wx w="542" xMax="527" xMin="45" yMax="668" yMin="-11"/><wx w="318" xMax="278" xMin="45" yMax="668" yMin="-10"/><wx w="710" xMax="680" xMin="30" yMax="441" yMin="-8"/><wx w="497" xMax="467" xMin="30" yMax="441" yMin="-8"/><wx w="458" xMax="438" xMin="40" yMax="441" yMin="-11"/><wx w="489" xMax="474" xMin="-30" yMax="441" yMin="-183"/><wx w="458" xMax="463" xMin="40" yMax="441" yMin="-183"/><wx w="408" xMax="393" xMin="30" yMax="441" yMin="0"/><wx w="440" xMax="390" xMin="50" yMax="441" yMin="-11"/><wx w="313" xMax="283" xMin="40" yMax="567" yMin="-9"/><wx w="474" xMax="444" xMin="30" yMax="441" yMin="-9"/><wx w="506" xMax="479" xMin="72" yMax="458" yMin="-9"/><wx w="775" xMax="748" xMin="72" yMax="460" yMin="-9"/><wx w="550" xMax="510" xMin="30" yMax="441" yMin="-9"/><wx w="496" xMax="496" xMin="30" yMax="440" yMin="-183"/><wx w="499" xMax="467" xMin="42" yMax="450" yMin="-14"/><wx w="855" xMax="846" xMin="31" yMax="674" yMin="-15"/><wx w="797" xMax="781" xMin="37" yMax="687" yMin="-15"/><wx w="885" xMax="818" xMin="36" yMax="687" yMin="-15"/><wx w="773" xMax="740" xMin="83" yMax="687" yMin="-15"/><wx w="802" xMax="792" xMin="9" yMax="674" yMin="-177"/><wx w="1009" xMax="1004" xMin="40" yMax="687" yMin="-15"/><wx w="970" xMax="956" xMin="38" yMax="687" yMin="-15"/><wx w="692" xMax="663" xMin="82" yMax="680" yMin="-15"/><wx w="910" xMax="886" xMin="38" yMax="687" yMin="-15"/><wx w="692" xMax="663" xMin="82" yMax="680" yMin="-38"/><wx w="743" xMax="701" xMin="67" yMax="680" yMin="-15"/><wx w="912" xMax="907" xMin="43" yMax="687" yMin="-15"/><wx w="842" xMax="805" xMin="36" yMax="687" yMin="-15"/><wx w="932" xMax="922" xMin="35" yMax="687" yMin="-15"/><wx w="1078" xMax="1070" xMin="35" yMax="687" yMin="-15"/><wx w="891" xMax="873" xMin="36" yMax="687" yMin="-15"/><wx w="926" xMax="916" xMin="91" yMax="687" yMin="-226"/><wx w="932" xMax="912" xMin="59" yMax="687" yMin="-15"/><wx w="819" xMax="758" xMin="30" yMax="441" yMin="-11"/><wx w="580" xMax="559" xMin="47" yMax="687" yMin="-12"/><wx w="662" xMax="589" xMin="30" yMax="441" yMin="-11"/><wx w="845" xMax="827" xMin="30" yMax="687" yMin="-11"/><wx w="685" xMax="673" xMin="27" yMax="687" yMin="-209"/><wx w="753" xMax="690" xMin="38" yMax="687" yMin="-11"/><wx w="496" xMax="484" xMin="83" yMax="653" yMin="-11"/><wx w="730" xMax="718" xMin="9" yMax="653" yMin="-219"/><wx w="726" xMax="666" xMin="40" yMax="687" yMin="-11"/><wx w="579" xMax="571" xMin="48" yMax="687" yMin="-11"/><wx w="1038" xMax="978" xMin="49" yMax="441" yMin="-11"/><wx w="761" xMax="701" xMin="49" yMax="441" yMin="-11"/><wx w="773" xMax="694" xMin="23" yMax="441" yMin="-209"/><wx w="780" xMax="743" xMin="30" yMax="441" yMin="-209"/><wx w="580" xMax="572" xMin="48" yMax="444" yMin="0"/><wx w="515" xMax="412" xMin="62" yMax="531" yMin="-11"/><wx w="551" xMax="532" xMin="30" yMax="658" yMin="-11"/><wx w="753" xMax="693" xMin="30" yMax="424" yMin="-11"/><wx w="618" xMax="582" xMin="30" yMax="441" yMin="-11"/><wx w="888" xMax="852" xMin="30" yMax="441" yMin="-11"/><wx w="752" xMax="675" xMin="65" yMax="441" yMin="-11"/><wx w="658" xMax="617" xMin="30" yMax="424" yMin="-219"/><wx w="691" xMax="617" xMin="52" yMax="478" yMin="-11"/><wx w="666" xMax="635" xMin="31" yMax="674" yMin="0"/><wx w="604" xMax="641" xMin="74" yMax="662" yMin="0"/><wx w="671" xMax="755" xMin="96" yMax="676" yMin="-14"/><wx w="692" xMax="751" xMin="74" yMax="662" yMin="0"/><wx w="583" xMax="678" xMin="74" yMax="662" yMin="0"/><wx w="535" xMax="679" xMin="74" yMax="662" yMin="0"/><wx w="695" xMax="755" xMin="97" yMax="676" yMin="-14"/><wx w="658" xMax="749" xMin="74" yMax="662" yMin="0"/><wx w="401" xMax="512" xMin="59" yMax="662" yMin="0"/><wx w="398" xMax="470" xMin="22" yMax="662" yMin="-14"/><wx w="634" xMax="729" xMin="74" yMax="662" yMin="0"/><wx w="559" xMax="564" xMin="74" yMax="662" yMin="0"/><wx w="843" xMax="933" xMin="75" yMax="662" yMin="0"/><wx w="675" xMax="766" xMin="74" yMax="662" yMin="-14"/><wx w="714" xMax="779" xMin="99" yMax="676" yMin="-14"/><wx w="525" xMax="638" xMin="74" yMax="662" yMin="0"/><wx w="716" xMax="779" xMin="99" yMax="676" yMin="-175"/><wx w="589" xMax="639" xMin="74" yMax="662" yMin="0"/><wx w="541" xMax="597" xMin="62" yMax="676" yMin="-14"/><wx w="608" xMax="748" xMin="161" yMax="662" yMin="0"/><wx w="661" xMax="757" xMin="117" yMax="662" yMin="-14"/><wx w="654" xMax="788" xMin="196" yMax="662" yMin="-11"/><wx w="921" xMax="1057" xMin="194" yMax="662" yMin="-11"/><wx w="700" xMax="806" xMin="31" yMax="662" yMin="0"/><wx w="630" xMax="774" xMin="186" yMax="662" yMin="0"/><wx w="637" xMax="763" xMin="28" yMax="662" yMin="0"/><wx w="448" xMax="467" xMin="55" yMax="463" yMin="-10"/><wx w="496" xMax="535" xMin="74" yMax="684" yMin="-10"/><wx w="456" xMax="503" xMin="67" yMax="463" yMin="-10"/><wx w="494" xMax="600" xMin="72" yMax="684" yMin="-11"/><wx w="444" xMax="487" xMin="69" yMax="463" yMin="-10"/><wx w="336" xMax="526" xMin="101" yMax="683" yMin="0"/><wx w="496" xMax="575" xMin="-7" yMax="463" yMin="-216"/><wx w="487" xMax="510" xMin="63" yMax="684" yMin="0"/><wx w="220" xMax="325" xMin="69" yMax="679" yMin="0"/><wx w="254" xMax="354" xMin="-118" yMax="679" yMin="-216"/><wx w="453" xMax="556" xMin="63" yMax="684" yMin="0"/><wx w="205" xMax="313" xMin="61" yMax="684" yMin="0"/><wx w="756" xMax="775" xMin="65" yMax="464" yMin="0"/><wx w="487" xMax="510" xMin="63" yMax="464" yMin="0"/><wx w="499" xMax="536" xMin="76" yMax="463" yMin="-10"/><wx w="498" xMax="538" xMin="14" yMax="464" yMin="-216"/><wx w="498" xMax="549" xMin="72" yMax="464" yMin="-216"/><wx w="336" xMax="439" xMin="63" yMax="464" yMin="0"/><wx w="389" xMax="432" xMin="61" yMax="463" yMin="-10"/><wx w="291" xMax="376" xMin="96" yMax="580" yMin="-10"/><wx w="491" xMax="536" xMin="89" yMax="453" yMin="-11"/><wx w="474" xMax="555" xMin="143" yMax="453" yMin="-14"/><wx w="702" xMax="787" xMin="140" yMax="453" yMin="-14"/><wx w="482" xMax="544" xMin="30" yMax="453" yMin="0"/><wx w="484" xMax="565" xMin="-19" yMax="453" yMin="-216"/><wx w="447" xMax="517" xMin="25" yMax="453" yMin="0"/><wx w="278" xMax="235" xMin="47" yMax="441" yMin="-11"/><wx w="278" xMax="246" xMin="-124" yMax="441" yMin="-207"/><wx w="717" xMax="685" xMin="35" yMax="667" yMin="0"/><wx w="696" xMax="686" xMin="38" yMax="653" yMin="0"/><wx w="616" xMax="721" xMin="38" yMax="653" yMin="0"/><wx w="596" xMax="556" xMin="30" yMax="667" yMin="0"/><wx w="714" xMax="734" xMin="38" yMax="653" yMin="0"/><wx w="772" xMax="802" xMin="60" yMax="653" yMin="0"/><wx w="873" xMax="923" xMin="38" yMax="653" yMin="0"/><wx w="737" xMax="712" xMin="50" yMax="669" yMin="-11"/><wx w="480" xMax="530" xMin="38" yMax="653" yMin="0"/><wx w="762" xMax="802" xMin="38" yMax="653" yMin="0"/><wx w="718" xMax="686" xMin="35" yMax="667" yMin="0"/><wx w="1005" xMax="1055" xMin="38" yMax="653" yMin="0"/><wx w="851" xMax="901" xMin="38" yMax="653" yMin="0"/><wx w="706" xMax="741" xMin="52" yMax="653" yMin="0"/><wx w="732" xMax="712" xMin="50" yMax="669" yMin="-11"/><wx w="873" xMax="923" xMin="38" yMax="653" yMin="0"/><wx w="594" xMax="704" xMin="38" yMax="653" yMin="0"/><wx w="737" xMax="712" xMin="50" yMax="669" yMin="-11"/><wx w="735" xMax="760" xMin="58" yMax="653" yMin="0"/><wx w="550" xMax="670" xMin="25" yMax="653" yMin="0"/><wx w="613" xMax="743" xMin="28" yMax="668" yMin="0"/><wx w="772" xMax="747" xMin="25" yMax="653" yMin="0"/><wx w="790" xMax="810" xMin="25" yMax="653" yMin="0"/><wx w="670" xMax="743" xMin="28" yMax="667" yMin="0"/><wx w="800" xMax="777" xMin="32" yMax="666" yMin="0"/><wx w="627" xMax="600" xMin="42" yMax="653" yMin="-15"/><wx w="524" xMax="529" xMin="40" yMax="441" yMin="-10"/><wx w="493" xMax="518" xMin="25" yMax="668" yMin="-183"/><wx w="428" xMax="458" xMin="35" yMax="441" yMin="-187"/><wx w="463" xMax="451" xMin="40" yMax="668" yMin="-11"/><wx w="484" xMax="444" xMin="25" yMax="441" yMin="-11"/><wx w="435" xMax="480" xMin="40" yMax="668" yMin="-183"/><wx w="460" xMax="455" xMin="30" yMax="441" yMin="-183"/><wx w="484" xMax="474" xMin="40" yMax="668" yMin="-11"/><wx w="267" xMax="227" xMin="50" yMax="441" yMin="-11"/><wx w="534" xMax="549" xMin="50" yMax="441" yMin="0"/><wx w="541" xMax="511" xMin="50" yMax="668" yMin="-16"/><wx w="579" xMax="549" xMin="30" yMax="428" yMin="-183"/><wx w="452" xMax="462" xMin="50" yMax="446" yMin="-9"/><wx w="433" xMax="443" xMin="25" yMax="668" yMin="-183"/><wx w="458" xMax="438" xMin="40" yMax="441" yMin="-11"/><wx w="558" xMax="568" xMin="35" yMax="428" yMin="-13"/><wx w="502" xMax="472" xMin="30" yMax="441" yMin="-183"/><wx w="439" xMax="464" xMin="35" yMax="490" yMin="-183"/><wx w="537" xMax="547" xMin="40" yMax="428" yMin="-11"/><wx w="442" xMax="472" xMin="30" yMax="428" yMin="-5"/><wx w="460" xMax="445" xMin="30" yMax="439" yMin="-11"/><wx w="666" xMax="631" xMin="50" yMax="441" yMin="-183"/><wx w="595" xMax="645" xMin="30" yMax="441" yMin="-202"/><wx w="661" xMax="711" xMin="30" yMax="441" yMin="-183"/><wx w="681" xMax="661" xMin="20" yMax="441" yMin="-11"/><wx w="471" xMax="471" xMin="40" yMax="668" yMin="-11"/><wx w="430" xMax="430" xMin="40" yMax="441" yMin="-11"/><wx w="554" xMax="507" xMin="20" yMax="678" yMin="-10"/><wx w="561" xMax="587" xMin="12" yMax="441" yMin="-13"/><wx w="645" xMax="620" xMin="40" yMax="668" yMin="-183"/><wx w="509" xMax="489" xMin="40" yMax="441" yMin="-187"/><wx w="856" xMax="866" xMin="30" yMax="428" yMin="-11"/><wx w="500" xMax="504" xMin="-141" yMax="681" yMin="-207"/></cid-widths></multibyte-extras></font-metrics>