<?xml version="1.0" encoding="UTF-8"?><font-metrics metrics-version="2" type="TYPE0"><font-name>STIXVariants-Bold</font-name><full-name>STIXVariants-Bold</full-name><family-name>STIXVariants</family-name><embed/><cap-height>0</cap-height><x-height>0</x-height><ascender>750</ascender><descender>-250</descender><bbox><left>0</left><bottom>-293</bottom><right>1306</right><top>943</top></bbox><flags>33</flags><stemv>0</stemv><italicangle>0</italicangle><subtype>TYPE0</subtype><multibyte-extras><cid-type>CIDFontType2</cid-type><default-width>0</default-width><bfranges><bf gi="3" ue="32" us="32"/><bf gi="4" ue="124" us="124"/><bf gi="5" ue="160" us="160"/><bf gi="6" ue="411" us="411"/><bf gi="7" ue="8247" us="8242"/><bf gi="13" ue="8279" us="8279"/><bf gi="14" ue="8512" us="8512"/><bf gi="15" ue="8595" us="8592"/><bf gi="19" ue="8657" us="8657"/><bf gi="20" ue="8659" us="8659"/><bf gi="21" ue="8709" us="8709"/><bf gi="22" ue="8721" us="8719"/><bf gi="25" ue="8726" us="8726"/><bf gi="26" ue="8730" us="8730"/><bf gi="27" ue="8733" us="8733"/><bf gi="28" ue="8739" us="8739"/><bf gi="29" ue="8772" us="8772"/><bf gi="30" ue="8775" us="8775"/><bf gi="31" ue="8777" us="8777"/><bf gi="32" ue="8800" us="8800"/><bf gi="33" ue="8802" us="8802"/><bf gi="34" ue="8809" us="8808"/><bf gi="36" ue="8817" us="8814"/><bf gi="0" ue="65535" us="65535"/></bfranges><cid-widths start-index="0"><wx w="250" xMax="0" xMin="0" yMax="0" yMin="0"/><wx w="0" xMax="0" xMin="0" yMax="0" yMin="0"/><wx w="333" xMax="0" xMin="0" yMax="0" yMin="0"/><wx w="250" xMax="0" xMin="0" yMax="0" yMin="0"/><wx w="340" xMax="214" xMin="126" yMax="691" yMin="-189"/><wx w="250" xMax="0" xMin="0" yMax="0" yMin="0"/><wx w="536" xMax="526" xMin="60" yMax="666" yMin="0"/><wx w="394" xMax="350" xMin="44" yMax="586" yMin="12"/><wx w="713" xMax="669" xMin="44" yMax="586" yMin="12"/><wx w="1032" xMax="988" xMin="44" yMax="586" yMin="12"/><wx w="394" xMax="350" xMin="44" yMax="586" yMin="12"/><wx w="713" xMax="669" xMin="44" yMax="586" yMin="12"/><wx w="1032" xMax="988" xMin="44" yMax="586" yMin="12"/><wx w="1351" xMax="1306" xMin="43" yMax="586" yMin="12"/><wx w="780" xMax="725" xMin="55" yMax="691" yMin="0"/><wx w="428" xMax="428" xMin="68" yMax="451" yMin="55"/><wx w="556" xMax="476" xMin="80" yMax="680" yMin="-15"/><wx w="428" xMax="360" xMin="0" yMax="451" yMin="55"/><wx w="556" xMax="476" xMin="80" yMax="680" yMin="-15"/><wx w="714" xMax="674" xMin="40" yMax="600" yMin="-15"/><wx w="714" xMax="674" xMin="40" yMax="600" yMin="-15"/><wx w="584" xMax="548" xMin="36" yMax="729" yMin="-74"/><wx w="734" xMax="707" xMin="27" yMax="676" yMin="0"/><wx w="734" xMax="707" xMin="27" yMax="676" yMin="0"/><wx w="690" xMax="649" xMin="39" yMax="676" yMin="0"/><wx w="518" xMax="473" xMin="45" yMax="732" yMin="-193"/><wx w="800" xMax="844" xMin="112" yMax="943" yMin="28"/><wx w="750" xMax="687" xMin="56" yMax="431" yMin="0"/><wx w="290" xMax="201" xMin="89" yMax="451" yMin="-19"/><wx w="750" xMax="683" xMin="68" yMax="543" yMin="-45"/><wx w="750" xMax="683" xMin="68" yMax="648" yMin="-144"/><wx w="750" xMax="683" xMin="68" yMax="598" yMin="-64"/><wx w="750" xMax="682" xMin="68" yMax="687" yMin="-183"/><wx w="750" xMax="682" xMin="68" yMax="747" yMin="-243"/><wx w="750" xMax="670" xMin="80" yMax="728" yMin="-293"/><wx w="750" xMax="670" xMin="80" yMax="728" yMin="-293"/><wx w="750" xMax="670" xMin="80" yMax="672" yMin="-166"/><wx w="750" xMax="670" xMin="80" yMax="672" yMin="-166"/><wx w="750" xMax="670" xMin="80" yMax="742" yMin="-236"/><wx w="750" xMax="670" xMin="80" yMax="742" yMin="-236"/></cid-widths></multibyte-extras></font-metrics>