<?xml version="1.0" encoding="UTF-8"?><font-metrics metrics-version="2" type="TYPE0"><font-name>STIXNonUnicode-Regular</font-name><full-name>STIXNonUnicode-Regular</full-name><family-name>STIXNonUnicode</family-name><embed/><cap-height>0</cap-height><x-height>0</x-height><ascender>750</ascender><descender>-250</descender><bbox><left>-72</left><bottom>-524</bottom><right>2208</right><top>1450</top></bbox><flags>33</flags><stemv>0</stemv><italicangle>0</italicangle><subtype>TYPE0</subtype><multibyte-extras><cid-type>CIDFontType2</cid-type><default-width>0</default-width><bfranges><bf gi="3" ue="32" us="32"/><bf gi="4" ue="160" us="160"/><bf gi="5" ue="57349" us="57344"/><bf gi="11" ue="57355" us="57354"/><bf gi="13" ue="57361" us="57358"/><bf gi="17" ue="57366" us="57366"/><bf gi="18" ue="57368" us="57368"/><bf gi="19" ue="57374" us="57374"/><bf gi="20" ue="57379" us="57379"/><bf gi="21" ue="57387" us="57381"/><bf gi="28" ue="57391" us="57391"/><bf gi="29" ue="57397" us="57397"/><bf gi="30" ue="57405" us="57399"/><bf gi="37" ue="57408" us="57408"/><bf gi="38" ue="57414" us="57411"/><bf gi="42" ue="57431" us="57419"/><bf gi="55" ue="57438" us="57433"/><bf gi="61" ue="57448" us="57441"/><bf gi="69" ue="57456" us="57451"/><bf gi="75" ue="57463" us="57461"/><bf gi="78" ue="57481" us="57468"/><bf gi="92" ue="57499" us="57490"/><bf gi="102" ue="57506" us="57506"/><bf gi="103" ue="57529" us="57508"/><bf gi="125" ue="57571" us="57531"/><bf gi="166" ue="57583" us="57573"/><bf gi="177" ue="57610" us="57585"/><bf gi="203" ue="57683" us="57612"/><bf gi="275" ue="57779" us="57724"/><bf gi="331" ue="57953" us="57953"/><bf gi="332" ue="57957" us="57957"/><bf gi="333" ue="57961" us="57961"/><bf gi="334" ue="57965" us="57965"/><bf gi="335" ue="57969" us="57969"/><bf gi="336" ue="57973" us="57973"/><bf gi="337" ue="57977" us="57977"/><bf gi="338" ue="57981" us="57981"/><bf gi="339" ue="57985" us="57985"/><bf gi="340" ue="57989" us="57989"/><bf gi="341" ue="58003" us="57996"/><bf gi="349" ue="58108" us="58108"/><bf gi="350" ue="58110" us="58110"/><bf gi="351" ue="58112" us="58112"/><bf gi="352" ue="58114" us="58114"/><bf gi="353" ue="58116" us="58116"/><bf gi="354" ue="58118" us="58118"/><bf gi="355" ue="58120" us="58120"/><bf gi="356" ue="58122" us="58122"/><bf gi="357" ue="58124" us="58124"/><bf gi="358" ue="58126" us="58126"/><bf gi="359" ue="58128" us="58128"/><bf gi="360" ue="58130" us="58130"/><bf gi="361" ue="58132" us="58132"/><bf gi="362" ue="58134" us="58134"/><bf gi="363" ue="58136" us="58136"/><bf gi="364" ue="58138" us="58138"/><bf gi="365" ue="58140" us="58140"/><bf gi="366" ue="58142" us="58142"/><bf gi="367" ue="58144" us="58144"/><bf gi="368" ue="58146" us="58146"/><bf gi="369" ue="58148" us="58148"/><bf gi="370" ue="58150" us="58150"/><bf gi="371" ue="58152" us="58152"/><bf gi="372" ue="58154" us="58154"/><bf gi="373" ue="58212" us="58212"/><bf gi="374" ue="58216" us="58216"/><bf gi="375" ue="58220" us="58220"/><bf gi="376" ue="58224" us="58224"/><bf gi="377" ue="58308" us="58306"/><bf gi="380" ue="58312" us="58311"/><bf gi="0" ue="65535" us="65535"/></bfranges><cid-widths start-index="0"><wx w="250" xMax="0" xMin="0" yMax="0" yMin="0"/><wx w="0" xMax="0" xMin="0" yMax="0" yMin="0"/><wx w="333" xMax="0" xMin="0" yMax="0" yMin="0"/><wx w="250" xMax="0" xMin="0" yMax="0" yMin="0"/><wx w="250" xMax="0" xMin="0" yMax="0" yMin="0"/><wx w="1184" xMax="895" xMin="829" yMax="610" yMin="-25"/><wx w="1184" xMax="1211" xMin="829" yMax="667" yMin="41"/><wx w="1192" xMax="1162" xMin="30" yMax="1022" yMin="0"/><wx w="1311" xMax="1256" xMin="55" yMax="1450" yMin="0"/><wx w="926" xMax="871" xMin="55" yMax="450" yMin="59"/><wx w="926" xMax="871" xMin="55" yMax="530" yMin="57"/><wx w="685" xMax="637" xMin="48" yMax="538" yMin="55"/><wx w="685" xMax="637" xMin="48" yMax="543" yMin="-37"/><wx w="685" xMax="626" xMin="60" yMax="846" yMin="-340"/><wx w="685" xMax="621" xMin="56" yMax="730" yMin="-229"/><wx w="685" xMax="621" xMin="56" yMax="730" yMin="-229"/><wx w="685" xMax="626" xMin="61" yMax="846" yMin="-340"/><wx w="685" xMax="618" xMin="53" yMax="818" yMin="-311"/><wx w="685" xMax="632" xMin="67" yMax="818" yMin="-311"/><wx w="685" xMax="638" xMin="48" yMax="607" yMin="-110"/><wx w="685" xMax="637" xMin="48" yMax="695" yMin="-189"/><wx w="685" xMax="637" xMin="48" yMax="724" yMin="-236"/><wx w="685" xMax="612" xMin="47" yMax="662" yMin="-156"/><wx w="685" xMax="638" xMin="73" yMax="662" yMin="-156"/><wx w="933" xMax="908" xMin="25" yMax="663" yMin="-155"/><wx w="933" xMax="908" xMin="25" yMax="662" yMin="-156"/><wx w="1240" xMax="1184" xMin="43" yMax="662" yMin="-156"/><wx w="1240" xMax="1197" xMin="56" yMax="662" yMin="-156"/><wx w="685" xMax="662" xMin="23" yMax="662" yMin="-156"/><wx w="486" xMax="422" xMin="64" yMax="602" yMin="-98"/><wx w="685" xMax="637" xMin="48" yMax="662" yMin="-156"/><wx w="732" xMax="682" xMin="50" yMax="690" yMin="-189"/><wx w="685" xMax="636" xMin="47" yMax="662" yMin="-156"/><wx w="471" xMax="525" xMin="40" yMax="811" yMin="-156"/><wx w="685" xMax="625" xMin="60" yMax="736" yMin="-156"/><wx w="685" xMax="625" xMin="60" yMax="662" yMin="-156"/><wx w="486" xMax="422" xMin="64" yMax="602" yMin="-98"/><wx w="685" xMax="637" xMin="48" yMax="415" yMin="92"/><wx w="685" xMax="625" xMin="60" yMax="818" yMin="-311"/><wx w="685" xMax="625" xMin="60" yMax="818" yMin="-311"/><wx w="685" xMax="625" xMin="60" yMax="818" yMin="-311"/><wx w="685" xMax="625" xMin="60" yMax="818" yMin="-311"/><wx w="685" xMax="625" xMin="60" yMax="745" yMin="-242"/><wx w="685" xMax="625" xMin="60" yMax="845" yMin="-341"/><wx w="685" xMax="637" xMin="48" yMax="534" yMin="-19"/><wx w="685" xMax="625" xMin="60" yMax="845" yMin="-341"/><wx w="685" xMax="625" xMin="60" yMax="745" yMin="-242"/><wx w="685" xMax="620" xMin="65" yMax="662" yMin="-156"/><wx w="685" xMax="620" xMin="65" yMax="662" yMin="-156"/><wx w="685" xMax="637" xMin="48" yMax="561" yMin="-55"/><wx w="632" xMax="604" xMin="26" yMax="450" yMin="0"/><wx w="688" xMax="679" xMin="37" yMax="516" yMin="-10"/><wx w="571" xMax="563" xMin="20" yMax="475" yMin="-14"/><wx w="632" xMax="624" xMin="10" yMax="459" yMin="-11"/><wx w="624" xMax="595" xMin="29" yMax="459" yMin="-12"/><wx w="685" xMax="637" xMin="48" yMax="730" yMin="-224"/><wx w="685" xMax="637" xMin="48" yMax="730" yMin="-224"/><wx w="685" xMax="637" xMin="48" yMax="561" yMin="30"/><wx w="685" xMax="637" xMin="48" yMax="534" yMin="-19"/><wx w="452" xMax="436" xMin="16" yMax="459" yMin="-10"/><wx w="0" xMax="406" xMin="95" yMax="698" yMin="547"/><wx w="0" xMax="322" xMin="11" yMax="-141" yMin="-390"/><wx w="0" xMax="322" xMin="11" yMax="-141" yMin="-486"/><wx w="0" xMax="485" xMin="94" yMax="734" yMin="508"/><wx w="0" xMax="425" xMin="95" yMax="777" yMin="547"/><wx w="0" xMax="331" xMin="1" yMax="-141" yMin="-371"/><wx w="0" xMax="412" xMin="101" yMax="770" yMin="547"/><wx w="0" xMax="331" xMin="1" yMax="-141" yMin="-371"/><wx w="524" xMax="487" xMin="9" yMax="683" yMin="-287"/><wx w="486" xMax="422" xMin="64" yMax="602" yMin="-98"/><wx w="486" xMax="422" xMin="64" yMax="602" yMin="-98"/><wx w="685" xMax="625" xMin="60" yMax="785" yMin="-157"/><wx w="685" xMax="625" xMin="60" yMax="785" yMin="-157"/><wx w="685" xMax="625" xMin="60" yMax="785" yMin="-129"/><wx w="685" xMax="625" xMin="60" yMax="785" yMin="-129"/><wx w="685" xMax="637" xMin="48" yMax="626" yMin="-119"/><wx w="685" xMax="637" xMin="48" yMax="626" yMin="-119"/><wx w="685" xMax="637" xMin="48" yMax="725" yMin="-236"/><wx w="685" xMax="637" xMin="48" yMax="758" yMin="-252"/><wx w="685" xMax="637" xMin="48" yMax="758" yMin="-252"/><wx w="685" xMax="621" xMin="56" yMax="732" yMin="-227"/><wx w="685" xMax="621" xMin="56" yMax="732" yMin="-227"/><wx w="685" xMax="622" xMin="57" yMax="818" yMin="-311"/><wx w="685" xMax="622" xMin="57" yMax="818" yMin="-311"/><wx w="685" xMax="621" xMin="56" yMax="730" yMin="-229"/><wx w="685" xMax="621" xMin="56" yMax="730" yMin="-229"/><wx w="685" xMax="621" xMin="56" yMax="709" yMin="-201"/><wx w="685" xMax="621" xMin="56" yMax="709" yMin="-201"/><wx w="685" xMax="621" xMin="56" yMax="818" yMin="-311"/><wx w="685" xMax="621" xMin="55" yMax="818" yMin="-311"/><wx w="685" xMax="621" xMin="56" yMax="818" yMin="-311"/><wx w="685" xMax="620" xMin="55" yMax="818" yMin="-311"/><wx w="685" xMax="627" xMin="62" yMax="719" yMin="-296"/><wx w="685" xMax="626" xMin="61" yMax="719" yMin="-296"/><wx w="685" xMax="627" xMin="62" yMax="719" yMin="-240"/><wx w="685" xMax="626" xMin="61" yMax="719" yMin="-240"/><wx w="685" xMax="620" xMin="55" yMax="818" yMin="-311"/><wx w="685" xMax="630" xMin="65" yMax="818" yMin="-311"/><wx w="685" xMax="662" xMin="23" yMax="690" yMin="-189"/><wx w="612" xMax="587" xMin="25" yMax="567" yMin="-183"/><wx w="708" xMax="690" xMin="18" yMax="719" yMin="-213"/><wx w="708" xMax="690" xMin="18" yMax="719" yMin="-213"/><wx w="561" xMax="539" xMin="24" yMax="460" yMin="-218"/><wx w="378" xMax="358" xMin="10" yMax="470" yMin="-233"/><wx w="397" xMax="338" xMin="75" yMax="669" yMin="426"/><wx w="444" xMax="429" xMin="38" yMax="216" yMin="-144"/><wx w="376" xMax="346" xMin="30" yMax="702" yMin="506"/><wx w="496" xMax="371" xMin="114" yMax="662" yMin="-156"/><wx w="647" xMax="619" xMin="49" yMax="497" yMin="167"/><wx w="376" xMax="346" xMin="30" yMax="702" yMin="506"/><wx w="496" xMax="371" xMin="114" yMax="662" yMin="-156"/><wx w="470" xMax="440" xMin="30" yMax="702" yMin="506"/><wx w="638" xMax="513" xMin="35" yMax="662" yMin="-156"/><wx w="423" xMax="345" xMin="55" yMax="662" yMin="0"/><wx w="423" xMax="345" xMin="55" yMax="662" yMin="0"/><wx w="0" xMax="400" xMin="100" yMax="735" yMin="531"/><wx w="0" xMax="300" xMin="0" yMax="-50" yMin="-254"/><wx w="0" xMax="300" xMin="0" yMax="-50" yMin="-254"/><wx w="541" xMax="457" xMin="32" yMax="683" yMin="-218"/><wx w="313" xMax="258" xMin="55" yMax="556" yMin="220"/><wx w="313" xMax="258" xMin="55" yMax="556" yMin="220"/><wx w="0" xMax="124" xMin="30" yMax="449" yMin="57"/><wx w="281" xMax="211" xMin="70" yMax="324" yMin="183"/><wx w="1344" xMax="1302" xMin="67" yMax="943" yMin="-11"/><wx w="1344" xMax="1302" xMin="67" yMax="943" yMin="-11"/><wx w="685" xMax="637" xMin="48" yMax="622" yMin="-101"/><wx w="685" xMax="635" xMin="47" yMax="547" yMin="-41"/><wx w="710" xMax="660" xMin="15" yMax="662" yMin="-218"/><wx w="1102" xMax="1073" xMin="15" yMax="757" yMin="-218"/><wx w="636" xMax="586" xMin="50" yMax="836" yMin="-236"/><wx w="636" xMax="586" xMin="50" yMax="836" yMin="-236"/><wx w="636" xMax="586" xMin="50" yMax="836" yMin="-236"/><wx w="636" xMax="586" xMin="50" yMax="836" yMin="-236"/><wx w="750" xMax="700" xMin="50" yMax="386" yMin="120"/><wx w="750" xMax="700" xMin="50" yMax="478" yMin="28"/><wx w="750" xMax="700" xMin="50" yMax="478" yMin="28"/><wx w="750" xMax="700" xMin="50" yMax="286" yMin="220"/><wx w="750" xMax="700" xMin="50" yMax="402" yMin="120"/><wx w="1000" xMax="950" xMin="50" yMax="386" yMin="120"/><wx w="1000" xMax="950" xMin="50" yMax="478" yMin="28"/><wx w="1000" xMax="950" xMin="50" yMax="544" yMin="-38"/><wx w="750" xMax="700" xMin="50" yMax="386" yMin="120"/><wx w="750" xMax="700" xMin="50" yMax="478" yMin="28"/><wx w="750" xMax="700" xMin="50" yMax="544" yMin="-38"/><wx w="636" xMax="586" xMin="50" yMax="836" yMin="-236"/><wx w="636" xMax="586" xMin="50" yMax="836" yMin="-236"/><wx w="636" xMax="586" xMin="50" yMax="836" yMin="-236"/><wx w="636" xMax="586" xMin="50" yMax="836" yMin="-236"/><wx w="926" xMax="843" xMin="83" yMax="692" yMin="-186"/><wx w="926" xMax="902" xMin="24" yMax="633" yMin="-127"/><wx w="926" xMax="902" xMin="24" yMax="633" yMin="-127"/><wx w="1000" xMax="950" xMin="50" yMax="286" yMin="220"/><wx w="750" xMax="700" xMin="50" yMax="386" yMin="120"/><wx w="762" xMax="712" xMin="50" yMax="583" yMin="-79"/><wx w="400" xMax="343" xMin="57" yMax="584" yMin="0"/><wx w="255" xMax="199" xMin="56" yMax="665" yMin="0"/><wx w="388" xMax="332" xMin="56" yMax="665" yMin="0"/><wx w="1472" xMax="1402" xMin="86" yMax="610" yMin="-104"/><wx w="1134" xMax="1069" xMin="65" yMax="354" yMin="152"/><wx w="516" xMax="445" xMin="73" yMax="933" yMin="0"/><wx w="500" xMax="439" xMin="57" yMax="933" yMin="0"/><wx w="778" xMax="699" xMin="92" yMax="754" yMin="0"/><wx w="500" xMax="444" xMin="40" yMax="920" yMin="0"/><wx w="389" xMax="318" xMin="81" yMax="757" yMin="0"/><wx w="500" xMax="429" xMin="60" yMax="754" yMin="0"/><wx w="842" xMax="807" xMin="35" yMax="638" yMin="-134"/><wx w="523" xMax="450" xMin="72" yMax="690" yMin="-189"/><wx w="523" xMax="450" xMin="72" yMax="690" yMin="-189"/><wx w="772" xMax="737" xMin="35" yMax="811" yMin="-127"/><wx w="1077" xMax="1022" xMin="55" yMax="532" yMin="-26"/><wx w="685" xMax="636" xMin="48" yMax="547" yMin="-41"/><wx w="910" xMax="865" xMin="45" yMax="661" yMin="-158"/><wx w="716" xMax="671" xMin="45" yMax="567" yMin="-58"/><wx w="685" xMax="637" xMin="48" yMax="862" yMin="120"/><wx w="511" xMax="319" xMin="192" yMax="819" yMin="-312"/><wx w="926" xMax="841" xMin="85" yMax="751" yMin="-156"/><wx w="686" xMax="637" xMin="49" yMax="547" yMin="-41"/><wx w="390" xMax="342" xMin="48" yMax="66" yMin="0"/><wx w="1059" xMax="1033" xMin="38" yMax="936" yMin="-157"/><wx w="1059" xMax="862" xMin="196" yMax="662" yMin="-156"/><wx w="773" xMax="718" xMin="55" yMax="694" yMin="-168"/><wx w="926" xMax="872" xMin="55" yMax="672" yMin="-146"/><wx w="909" xMax="886" xMin="23" yMax="747" yMin="-114"/><wx w="956" xMax="934" xMin="22" yMax="727" yMin="-102"/><wx w="500" xMax="336" xMin="163" yMax="474" yMin="-89"/><wx w="767" xMax="679" xMin="88" yMax="680" yMin="0"/><wx w="297" xMax="235" xMin="62" yMax="474" yMin="-89"/><wx w="1750" xMax="1662" xMin="88" yMax="680" yMin="0"/><wx w="1625" xMax="1537" xMin="88" yMax="680" yMin="0"/><wx w="1625" xMax="1537" xMin="88" yMax="680" yMin="0"/><wx w="1625" xMax="1537" xMin="88" yMax="680" yMin="0"/><wx w="1625" xMax="1537" xMin="88" yMax="680" yMin="0"/><wx w="2032" xMax="1944" xMin="88" yMax="680" yMin="0"/><wx w="1625" xMax="1537" xMin="88" yMax="680" yMin="0"/><wx w="1608" xMax="1520" xMin="88" yMax="680" yMin="0"/><wx w="2296" xMax="2208" xMin="88" yMax="680" yMin="0"/><wx w="100" xMax="164" xMin="-64" yMax="409" yMin="253"/><wx w="2032" xMax="1944" xMin="88" yMax="680" yMin="0"/><wx w="2032" xMax="1944" xMin="88" yMax="680" yMin="0"/><wx w="1625" xMax="1537" xMin="88" yMax="680" yMin="0"/><wx w="1625" xMax="1537" xMin="88" yMax="680" yMin="0"/><wx w="327" xMax="286" xMin="10" yMax="781" yMin="-279"/><wx w="250" xMax="178" xMin="41" yMax="781" yMin="-279"/><wx w="400" xMax="330" xMin="69" yMax="384" yMin="122"/><wx w="400" xMax="330" xMin="69" yMax="384" yMin="122"/><wx w="652" xMax="459" xMin="193" yMax="405" yMin="101"/><wx w="315" xMax="315" xMin="0" yMax="386" yMin="120"/><wx w="652" xMax="528" xMin="124" yMax="432" yMin="28"/><wx w="652" xMax="528" xMin="124" yMax="432" yMin="28"/><wx w="926" xMax="872" xMin="55" yMax="662" yMin="-156"/><wx w="926" xMax="872" xMin="55" yMax="662" yMin="-156"/><wx w="926" xMax="871" xMin="54" yMax="662" yMin="-156"/><wx w="926" xMax="871" xMin="54" yMax="662" yMin="-156"/><wx w="511" xMax="289" xMin="223" yMax="214" yMin="107"/><wx w="229" xMax="168" xMin="61" yMax="286" yMin="220"/><wx w="277" xMax="207" xMin="70" yMax="271" yMin="134"/><wx w="277" xMax="207" xMin="70" yMax="271" yMin="134"/><wx w="511" xMax="451" xMin="59" yMax="662" yMin="-156"/><wx w="511" xMax="451" xMin="59" yMax="662" yMin="-156"/><wx w="926" xMax="872" xMin="54" yMax="662" yMin="-156"/><wx w="926" xMax="872" xMin="54" yMax="662" yMin="-156"/><wx w="926" xMax="872" xMin="54" yMax="662" yMin="-156"/><wx w="926" xMax="872" xMin="54" yMax="662" yMin="-156"/><wx w="511" xMax="293" xMin="220" yMax="411" yMin="94"/><wx w="311" xMax="314" xMin="-3" yMax="290" yMin="217"/><wx w="367" xMax="313" xMin="54" yMax="382" yMin="123"/><wx w="367" xMax="313" xMin="54" yMax="383" yMin="124"/><wx w="511" xMax="451" xMin="59" yMax="662" yMin="-156"/><wx w="511" xMax="451" xMin="59" yMax="662" yMin="-156"/><wx w="926" xMax="872" xMin="54" yMax="449" yMin="57"/><wx w="926" xMax="872" xMin="54" yMax="449" yMin="57"/><wx w="926" xMax="872" xMin="54" yMax="662" yMin="-155"/><wx w="926" xMax="872" xMin="55" yMax="662" yMin="-156"/><wx w="926" xMax="871" xMin="54" yMax="662" yMin="-156"/><wx w="926" xMax="872" xMin="54" yMax="661" yMin="-156"/><wx w="511" xMax="293" xMin="220" yMax="404" yMin="101"/><wx w="511" xMax="293" xMin="220" yMax="403" yMin="100"/><wx w="371" xMax="317" xMin="14" yMax="290" yMin="217"/><wx w="371" xMax="357" xMin="54" yMax="290" yMin="217"/><wx w="379" xMax="309" xMin="70" yMax="373" yMin="134"/><wx w="379" xMax="309" xMin="70" yMax="373" yMin="134"/><wx w="379" xMax="309" xMin="70" yMax="373" yMin="134"/><wx w="379" xMax="309" xMin="70" yMax="373" yMin="134"/><wx w="315" xMax="315" xMin="0" yMax="486" yMin="20"/><wx w="926" xMax="696" xMin="230" yMax="405" yMin="101"/><wx w="315" xMax="315" xMin="0" yMax="541" yMin="-35"/><wx w="1033" xMax="805" xMin="229" yMax="405" yMin="101"/><wx w="480" xMax="490" xMin="-10" yMax="634" yMin="584"/><wx w="480" xMax="490" xMin="-10" yMax="-127" yMin="-177"/><wx w="735" xMax="1302" xMin="67" yMax="943" yMin="-11"/><wx w="897" xMax="908" xMin="-25" yMax="955" yMin="512"/><wx w="897" xMax="922" xMin="-11" yMax="955" yMin="512"/><wx w="897" xMax="908" xMin="-25" yMax="182" yMin="-261"/><wx w="897" xMax="922" xMin="-11" yMax="182" yMin="-261"/><wx w="325" xMax="326" xMin="-1" yMax="-126" yMin="-261"/><wx w="1844" xMax="1854" xMin="-10" yMax="1218" yMin="820"/><wx w="1844" xMax="1854" xMin="-10" yMax="-126" yMin="-524"/><wx w="1820" xMax="1830" xMin="-25" yMax="955" yMin="342"/><wx w="1820" xMax="1845" xMin="-10" yMax="955" yMin="342"/><wx w="1820" xMax="1830" xMin="-25" yMax="352" yMin="-261"/><wx w="1820" xMax="1845" xMin="-10" yMax="352" yMin="-261"/><wx w="1820" xMax="1830" xMin="-25" yMax="955" yMin="554"/><wx w="1820" xMax="1845" xMin="-10" yMax="955" yMin="554"/><wx w="1820" xMax="1830" xMin="-25" yMax="140" yMin="-261"/><wx w="1820" xMax="1845" xMin="-10" yMax="140" yMin="-261"/><wx w="633" xMax="634" xMin="-1" yMax="955" yMin="820"/><wx w="633" xMax="634" xMin="-1" yMax="-126" yMin="-261"/><wx w="857" xMax="777" xMin="48" yMax="660" yMin="-158"/><wx w="857" xMax="809" xMin="80" yMax="660" yMin="-158"/><wx w="685" xMax="609" xMin="44" yMax="661" yMin="-157"/><wx w="685" xMax="641" xMin="76" yMax="661" yMin="-157"/><wx w="735" xMax="746" xMin="-25" yMax="135" yMin="-308"/><wx w="735" xMax="760" xMin="-11" yMax="135" yMin="-308"/><wx w="735" xMax="746" xMin="-25" yMax="444" yMin="0"/><wx w="735" xMax="760" xMin="-11" yMax="444" yMin="0"/><wx w="499" xMax="471" xMin="28" yMax="683" yMin="-10"/><wx w="666" xMax="635" xMin="31" yMax="674" yMin="0"/><wx w="604" xMax="547" xMin="74" yMax="662" yMin="0"/><wx w="535" xMax="523" xMin="74" yMax="662" yMin="0"/><wx w="666" xMax="635" xMin="31" yMax="674" yMin="0"/><wx w="583" xMax="540" xMin="74" yMax="662" yMin="0"/><wx w="637" xMax="603" xMin="28" yMax="662" yMin="0"/><wx w="658" xMax="584" xMin="74" yMax="662" yMin="0"/><wx w="714" xMax="684" xMin="30" yMax="676" yMin="-14"/><wx w="401" xMax="356" xMin="45" yMax="662" yMin="0"/><wx w="634" xMax="630" xMin="74" yMax="662" yMin="0"/><wx w="666" xMax="635" xMin="31" yMax="674" yMin="0"/><wx w="843" xMax="768" xMin="75" yMax="662" yMin="0"/><wx w="675" xMax="601" xMin="74" yMax="662" yMin="-14"/><wx w="643" xMax="615" xMin="28" yMax="662" yMin="0"/><wx w="714" xMax="684" xMin="30" yMax="676" yMin="-14"/><wx w="658" xMax="584" xMin="74" yMax="662" yMin="0"/><wx w="525" xMax="512" xMin="74" yMax="662" yMin="0"/><wx w="714" xMax="684" xMin="30" yMax="676" yMin="-14"/><wx w="624" xMax="594" xMin="26" yMax="662" yMin="0"/><wx w="608" xMax="593" xMin="15" yMax="662" yMin="0"/><wx w="690" xMax="666" xMin="24" yMax="676" yMin="0"/><wx w="716" xMax="693" xMin="23" yMax="662" yMin="0"/><wx w="700" xMax="669" xMin="31" yMax="662" yMin="0"/><wx w="724" xMax="712" xMin="12" yMax="681" yMin="0"/><wx w="744" xMax="715" xMin="29" yMax="676" yMin="0"/><wx w="537" xMax="532" xMin="28" yMax="463" yMin="-10"/><wx w="498" xMax="471" xMin="41" yMax="683" yMin="-215"/><wx w="474" xMax="455" xMin="27" yMax="463" yMin="-216"/><wx w="499" xMax="471" xMin="28" yMax="683" yMin="-10"/><wx w="438" xMax="419" xMin="22" yMax="463" yMin="-10"/><wx w="416" xMax="408" xMin="33" yMax="683" yMin="-213"/><wx w="494" xMax="443" xMin="41" yMax="463" yMin="-215"/><wx w="446" xMax="425" xMin="21" yMax="683" yMin="-10"/><wx w="270" xMax="269" xMin="57" yMax="464" yMin="-10"/><wx w="472" xMax="472" xMin="82" yMax="464" yMin="0"/><wx w="489" xMax="478" xMin="8" yMax="683" yMin="-11"/><wx w="487" xMax="482" xMin="44" yMax="453" yMin="-215"/><wx w="460" xMax="427" xMin="30" yMax="464" yMin="-14"/><wx w="418" xMax="410" xMin="33" yMax="683" yMin="-215"/><wx w="499" xMax="471" xMin="28" yMax="463" yMin="-10"/><wx w="507" xMax="487" xMin="7" yMax="453" yMin="-10"/><wx w="498" xMax="470" xMin="48" yMax="462" yMin="-216"/><wx w="416" xMax="414" xMin="33" yMax="463" yMin="-212"/><wx w="526" xMax="542" xMin="28" yMax="453" yMin="-10"/><wx w="426" xMax="410" xMin="2" yMax="453" yMin="-10"/><wx w="503" xMax="463" xMin="41" yMax="463" yMin="-10"/><wx w="632" xMax="600" xMin="34" yMax="464" yMin="-216"/><wx w="399" xMax="440" xMin="-20" yMax="463" yMin="-215"/><wx w="654" xMax="642" xMin="12" yMax="461" yMin="-216"/><wx w="624" xMax="595" xMin="29" yMax="454" yMin="-10"/><wx w="456" xMax="432" xMin="23" yMax="463" yMin="-10"/><wx w="489" xMax="491" xMin="42" yMax="683" yMin="-12"/><wx w="622" xMax="594" xMin="28" yMax="684" yMin="-216"/><wx w="491" xMax="463" xMin="28" yMax="463" yMin="-216"/><wx w="762" xMax="739" xMin="7" yMax="453" yMin="-10"/><wx w="523" xMax="481" xMin="41" yMax="422" yMin="-10"/><wx w="523" xMax="405" xMin="127" yMax="421" yMin="0"/><wx w="523" xMax="455" xMin="68" yMax="421" yMin="0"/><wx w="523" xMax="463" xMin="47" yMax="424" yMin="-198"/><wx w="523" xMax="480" xMin="58" yMax="420" yMin="-198"/><wx w="523" xMax="457" xMin="66" yMax="421" yMin="-198"/><wx w="523" xMax="486" xMin="37" yMax="612" yMin="-8"/><wx w="523" xMax="490" xMin="25" yMax="421" yMin="-198"/><wx w="523" xMax="477" xMin="47" yMax="606" yMin="-12"/><wx w="523" xMax="483" xMin="41" yMax="421" yMin="-200"/><wx w="0" xMax="397" xMin="53" yMax="474" yMin="227"/><wx w="0" xMax="460" xMin="94" yMax="734" yMin="484"/><wx w="685" xMax="637" xMin="48" yMax="622" yMin="-101"/><wx w="325" xMax="326" xMin="-1" yMax="135" yMin="0"/><wx w="633" xMax="634" xMin="-1" yMax="135" yMin="0"/><wx w="325" xMax="326" xMin="-1" yMax="955" yMin="820"/><wx w="1388" xMax="1350" xMin="38" yMax="662" yMin="0"/><wx w="1797" xMax="1739" xMin="58" yMax="763" yMin="-260"/><wx w="722" xMax="707" xMin="15" yMax="756" yMin="-218"/><wx w="667" xMax="593" xMin="17" yMax="756" yMin="-217"/><wx w="587" xMax="577" xMin="11" yMax="756" yMin="-217"/><wx w="722" xMax="675" xMin="48" yMax="756" yMin="-218"/><wx w="611" xMax="597" xMin="12" yMax="756" yMin="-217"/><wx w="612" xMax="598" xMin="10" yMax="756" yMin="-217"/><wx w="722" xMax="703" xMin="18" yMax="756" yMin="-217"/><wx w="722" xMax="688" xMin="34" yMax="756" yMin="-218"/><wx w="333" xMax="438" xMin="-24" yMax="756" yMin="-218"/><wx w="731" xMax="723" xMin="33" yMax="756" yMin="-217"/><wx w="702" xMax="687" xMin="15" yMax="756" yMin="-218"/><wx w="889" xMax="864" xMin="12" yMax="756" yMin="-217"/><wx w="722" xMax="707" xMin="12" yMax="756" yMin="-218"/><wx w="643" xMax="614" xMin="29" yMax="756" yMin="-217"/><wx w="722" xMax="688" xMin="34" yMax="756" yMin="-218"/><wx w="722" xMax="703" xMin="18" yMax="756" yMin="-217"/><wx w="557" xMax="565" xMin="16" yMax="756" yMin="-218"/><wx w="624" xMax="600" xMin="30" yMax="756" yMin="-217"/><wx w="611" xMax="593" xMin="17" yMax="756" yMin="-218"/><wx w="722" xMax="703" xMin="29" yMax="756" yMin="-218"/><wx w="763" xMax="728" xMin="35" yMax="756" yMin="-217"/><wx w="722" xMax="704" xMin="10" yMax="756" yMin="-217"/><wx w="743" xMax="724" xMin="22" yMax="756" yMin="-217"/><wx w="744" xMax="715" xMin="29" yMax="756" yMin="-217"/><wx w="673" xMax="665" xMin="55" yMax="756" yMin="-240"/><wx w="557" xMax="645" xMin="8" yMax="756" yMin="-218"/><wx w="645" xMax="675" xMin="-72" yMax="773" yMin="-218"/><wx w="708" xMax="668" xMin="7" yMax="756" yMin="-218"/><wx w="685" xMax="637" xMin="48" yMax="662" yMin="-156"/><wx w="685" xMax="637" xMin="48" yMax="627" yMin="-135"/><wx w="685" xMax="637" xMin="48" yMax="627" yMin="-135"/><wx w="902" xMax="863" xMin="0" yMax="662" yMin="-156"/><wx w="902" xMax="863" xMin="0" yMax="662" yMin="-156"/></cid-widths></multibyte-extras></font-metrics>