<?xml version="1.0" encoding="UTF-8"?><font-metrics metrics-version="2" type="TYPE0"><font-name>STIXSizeFourSym-Regular</font-name><full-name>STIXSizeFourSym-Regular</full-name><family-name>STIXSizeFourSym</family-name><embed/><cap-height>0</cap-height><x-height>0</x-height><ascender>750</ascender><descender>-250</descender><bbox><left>-2500</left><bottom>-509</bottom><right>2738</right><top>2566</top></bbox><flags>33</flags><stemv>0</stemv><italicangle>0</italicangle><subtype>TYPE0</subtype><multibyte-extras><cid-type>CIDFontType2</cid-type><default-width>0</default-width><bfranges><bf gi="3" ue="32" us="32"/><bf gi="4" ue="41" us="40"/><bf gi="6" ue="47" us="47"/><bf gi="7" ue="93" us="91"/><bf gi="10" ue="95" us="95"/><bf gi="11" ue="123" us="123"/><bf gi="12" ue="125" us="125"/><bf gi="13" ue="160" us="160"/><bf gi="14" ue="711" us="710"/><bf gi="16" ue="732" us="732"/><bf gi="17" ue="759" us="759"/><bf gi="18" ue="771" us="770"/><bf gi="20" ue="773" us="773"/><bf gi="21" ue="780" us="780"/><bf gi="22" ue="816" us="816"/><bf gi="23" ue="818" us="818"/><bf gi="24" ue="824" us="824"/><bf gi="25" ue="8254" us="8254"/><bf gi="26" ue="8401" us="8400"/><bf gi="28" ue="8407" us="8406"/><bf gi="30" ue="8431" us="8428"/><bf gi="34" ue="8732" us="8730"/><bf gi="37" ue="8971" us="8968"/><bf gi="41" ue="9141" us="9140"/><bf gi="43" ue="9185" us="9180"/><bf gi="49" ue="10099" us="10098"/><bf gi="51" ue="10219" us="10214"/><bf gi="57" ue="10630" us="10627"/><bf gi="0" ue="65535" us="65535"/></bfranges><cid-widths start-index="0"><wx w="250" xMax="0" xMin="0" yMax="0" yMin="0"/><wx w="0" xMax="0" xMin="0" yMax="0" yMin="0"/><wx w="333" xMax="0" xMin="0" yMax="0" yMin="0"/><wx w="250" xMax="0" xMin="0" yMax="0" yMin="0"/><wx w="808" xMax="732" xMin="124" yMax="2566" yMin="-509"/><wx w="808" xMax="684" xMin="76" yMax="2566" yMin="-509"/><wx w="1309" xMax="1293" xMin="16" yMax="2566" yMin="-509"/><wx w="661" xMax="634" xMin="295" yMax="2566" yMin="-509"/><wx w="1309" xMax="1293" xMin="16" yMax="2566" yMin="-509"/><wx w="661" xMax="366" xMin="27" yMax="2566" yMin="-509"/><wx w="2500" xMax="2500" xMin="0" yMax="-127" yMin="-177"/><wx w="1076" xMax="882" xMin="173" yMax="2566" yMin="-509"/><wx w="1076" xMax="903" xMin="194" yMax="2566" yMin="-509"/><wx w="250" xMax="0" xMin="0" yMax="0" yMin="0"/><wx w="1886" xMax="1886" xMin="0" yMax="796" yMin="573"/><wx w="1886" xMax="1886" xMin="0" yMax="796" yMin="573"/><wx w="1886" xMax="1886" xMin="0" yMax="771" yMin="608"/><wx w="1886" xMax="1886" xMin="0" yMax="-117" yMin="-280"/><wx w="0" xMax="-154" xMin="-2040" yMax="796" yMin="573"/><wx w="0" xMax="-154" xMin="-2040" yMax="771" yMin="608"/><wx w="0" xMax="0" xMin="-2500" yMax="820" yMin="770"/><wx w="0" xMax="-154" xMin="-2040" yMax="796" yMin="573"/><wx w="0" xMax="-154" xMin="-2040" yMax="-117" yMin="-280"/><wx w="0" xMax="0" xMin="-2500" yMax="-127" yMin="-177"/><wx w="0" xMax="-169" xMin="-490" yMax="731" yMin="-228"/><wx w="2500" xMax="2500" xMin="0" yMax="820" yMin="770"/><wx w="0" xMax="-13" xMin="-2193" yMax="749" yMin="584"/><wx w="0" xMax="-13" xMin="-2193" yMax="749" yMin="584"/><wx w="0" xMax="-13" xMin="-2193" yMax="735" yMin="482"/><wx w="0" xMax="-13" xMin="-2193" yMax="735" yMin="482"/><wx w="0" xMax="-13" xMin="-2193" yMax="-123" yMin="-288"/><wx w="0" xMax="-13" xMin="-2193" yMax="-123" yMin="-288"/><wx w="0" xMax="-13" xMin="-2193" yMax="-26" yMin="-279"/><wx w="0" xMax="-13" xMin="-2193" yMax="-26" yMin="-279"/><wx w="1184" xMax="895" xMin="112" yMax="1510" yMin="-345"/><wx w="1184" xMax="895" xMin="112" yMax="1795" yMin="-345"/><wx w="1184" xMax="895" xMin="112" yMax="1790" yMin="-345"/><wx w="682" xMax="655" xMin="295" yMax="2566" yMin="-509"/><wx w="682" xMax="387" xMin="27" yMax="2566" yMin="-509"/><wx w="682" xMax="655" xMin="295" yMax="2566" yMin="-509"/><wx w="682" xMax="387" xMin="27" yMax="2566" yMin="-509"/><wx w="2692" xMax="2608" xMin="84" yMax="766" yMin="544"/><wx w="2692" xMax="2608" xMin="84" yMax="139" yMin="-83"/><wx w="2328" xMax="2328" xMin="0" yMax="76" yMin="-168"/><wx w="2328" xMax="2328" xMin="0" yMax="817" yMin="573"/><wx w="2328" xMax="2328" xMin="0" yMax="175" yMin="-90"/><wx w="2328" xMax="2328" xMin="0" yMax="837" yMin="572"/><wx w="2738" xMax="2738" xMin="0" yMax="66" yMin="-212"/><wx w="2738" xMax="2738" xMin="0" yMax="842" yMin="564"/><wx w="1031" xMax="959" xMin="320" yMax="2566" yMin="-509"/><wx w="1031" xMax="711" xMin="72" yMax="2566" yMin="-509"/><wx w="778" xMax="708" xMin="295" yMax="2566" yMin="-509"/><wx w="778" xMax="483" xMin="70" yMax="2566" yMin="-509"/><wx w="908" xMax="796" xMin="113" yMax="2566" yMin="-509"/><wx w="908" xMax="795" xMin="112" yMax="2566" yMin="-509"/><wx w="1273" xMax="1133" xMin="126" yMax="2566" yMin="-509"/><wx w="1273" xMax="1147" xMin="140" yMax="2566" yMin="-509"/><wx w="1225" xMax="1052" xMin="182" yMax="2566" yMin="-509"/><wx w="1225" xMax="1043" xMin="173" yMax="2566" yMin="-509"/><wx w="1175" xMax="1050" xMin="195" yMax="2566" yMin="-509"/><wx w="1175" xMax="1049" xMin="194" yMax="2566" yMin="-509"/></cid-widths></multibyte-extras></font-metrics>