<?xml version="1.0" encoding="UTF-8"?><font-metrics metrics-version="2" type="TYPE0"><font-name>STIXSizeThreeSym-Bold</font-name><full-name>STIXSizeThreeSym-Bold</full-name><family-name>STIXSizeThreeSym</family-name><embed/><cap-height>0</cap-height><x-height>0</x-height><ascender>750</ascender><descender>-250</descender><bbox><left>-4</left><bottom>-471</bottom><right>1139</right><top>2604</top></bbox><flags>33</flags><stemv>0</stemv><italicangle>0</italicangle><subtype>TYPE0</subtype><multibyte-extras><cid-type>CIDFontType2</cid-type><default-width>0</default-width><bfranges><bf gi="3" ue="32" us="32"/><bf gi="4" ue="41" us="40"/><bf gi="6" ue="47" us="47"/><bf gi="7" ue="93" us="91"/><bf gi="10" ue="123" us="123"/><bf gi="11" ue="125" us="125"/><bf gi="12" ue="160" us="160"/><bf gi="13" ue="8730" us="8730"/><bf gi="14" ue="8971" us="8968"/><bf gi="18" ue="10217" us="10216"/><bf gi="0" ue="65535" us="65535"/></bfranges><cid-widths start-index="0"><wx w="250" xMax="0" xMin="0" yMax="0" yMin="0"/><wx w="0" xMax="0" xMin="0" yMax="0" yMin="0"/><wx w="333" xMax="0" xMin="0" yMax="0" yMin="0"/><wx w="250" xMax="0" xMin="0" yMax="0" yMin="0"/><wx w="750" xMax="686" xMin="163" yMax="2104" yMin="-355"/><wx w="750" xMax="587" xMin="64" yMax="2104" yMin="-355"/><wx w="1102" xMax="1091" xMin="11" yMax="2104" yMin="-355"/><wx w="538" xMax="540" xMin="236" yMax="2104" yMin="-355"/><wx w="1102" xMax="1091" xMin="11" yMax="2104" yMin="-355"/><wx w="538" xMax="302" xMin="-2" yMax="2104" yMin="-355"/><wx w="906" xMax="736" xMin="124" yMax="2104" yMin="-355"/><wx w="906" xMax="782" xMin="170" yMax="2104" yMin="-355"/><wx w="250" xMax="0" xMin="0" yMax="0" yMin="0"/><wx w="1076" xMax="1139" xMin="104" yMax="2604" yMin="-471"/><wx w="595" xMax="599" xMin="236" yMax="2104" yMin="-355"/><wx w="595" xMax="359" xMin="-4" yMax="2104" yMin="-355"/><wx w="595" xMax="599" xMin="236" yMax="2104" yMin="-355"/><wx w="595" xMax="359" xMin="-4" yMax="2104" yMin="-355"/><wx w="765" xMax="720" xMin="108" yMax="2104" yMin="-355"/><wx w="765" xMax="657" xMin="45" yMax="2104" yMin="-355"/></cid-widths></multibyte-extras></font-metrics>