<?xml version="1.0" encoding="UTF-8"?><font-metrics metrics-version="2" type="TYPE0"><font-name>STIXSizeFiveSym-Regular</font-name><full-name>STIXSizeFiveSym-Regular</full-name><family-name>STIXSizeFiveSym</family-name><embed/><cap-height>0</cap-height><x-height>0</x-height><ascender>750</ascender><descender>-250</descender><bbox><left>-3000</left><bottom>-454</bottom><right>3238</right><top>960</top></bbox><flags>33</flags><stemv>0</stemv><italicangle>0</italicangle><subtype>TYPE0</subtype><multibyte-extras><cid-type>CIDFontType2</cid-type><default-width>0</default-width><bfranges><bf gi="3" ue="32" us="32"/><bf gi="4" ue="95" us="95"/><bf gi="5" ue="160" us="160"/><bf gi="6" ue="711" us="710"/><bf gi="8" ue="732" us="732"/><bf gi="9" ue="759" us="759"/><bf gi="10" ue="771" us="770"/><bf gi="12" ue="773" us="773"/><bf gi="13" ue="780" us="780"/><bf gi="14" ue="816" us="816"/><bf gi="15" ue="818" us="818"/><bf gi="16" ue="824" us="824"/><bf gi="17" ue="8254" us="8254"/><bf gi="18" ue="8401" us="8400"/><bf gi="20" ue="8407" us="8406"/><bf gi="22" ue="8431" us="8428"/><bf gi="26" ue="9141" us="9140"/><bf gi="28" ue="9185" us="9180"/><bf gi="0" ue="65535" us="65535"/></bfranges><cid-widths start-index="0"><wx w="250" xMax="0" xMin="0" yMax="0" yMin="0"/><wx w="0" xMax="0" xMin="0" yMax="0" yMin="0"/><wx w="333" xMax="0" xMin="0" yMax="0" yMin="0"/><wx w="250" xMax="0" xMin="0" yMax="0" yMin="0"/><wx w="3000" xMax="3000" xMin="0" yMax="-127" yMin="-177"/><wx w="250" xMax="0" xMin="0" yMax="0" yMin="0"/><wx w="2328" xMax="2328" xMin="0" yMax="816" yMin="572"/><wx w="2328" xMax="2328" xMin="0" yMax="816" yMin="572"/><wx w="2328" xMax="2328" xMin="0" yMax="780" yMin="617"/><wx w="2328" xMax="2328" xMin="0" yMax="-117" yMin="-280"/><wx w="0" xMax="-157" xMin="-2485" yMax="816" yMin="572"/><wx w="0" xMax="-157" xMin="-2485" yMax="780" yMin="617"/><wx w="0" xMax="0" xMin="-3000" yMax="820" yMin="770"/><wx w="0" xMax="-157" xMin="-2485" yMax="816" yMin="572"/><wx w="0" xMax="-157" xMin="-2485" yMax="-117" yMin="-280"/><wx w="0" xMax="0" xMin="-3000" yMax="-127" yMin="-177"/><wx w="0" xMax="-123" xMin="-561" yMax="960" yMin="-454"/><wx w="3000" xMax="3000" xMin="0" yMax="820" yMin="770"/><wx w="0" xMax="0" xMin="-3000" yMax="749" yMin="584"/><wx w="0" xMax="0" xMin="-3000" yMax="749" yMin="584"/><wx w="0" xMax="0" xMin="-3000" yMax="735" yMin="482"/><wx w="0" xMax="0" xMin="-3000" yMax="735" yMin="482"/><wx w="0" xMax="0" xMin="-3000" yMax="-123" yMin="-288"/><wx w="0" xMax="0" xMin="-3000" yMax="-123" yMin="-288"/><wx w="0" xMax="0" xMin="-3000" yMax="-26" yMin="-279"/><wx w="0" xMax="0" xMin="-3000" yMax="-26" yMin="-279"/><wx w="3237" xMax="3147" xMin="90" yMax="766" yMin="544"/><wx w="3237" xMax="3147" xMin="90" yMax="139" yMin="-83"/><wx w="3237" xMax="3237" xMin="0" yMax="80" yMin="-189"/><wx w="3237" xMax="3237" xMin="0" yMax="842" yMin="573"/><wx w="3238" xMax="3238" xMin="0" yMax="181" yMin="-90"/><wx w="3238" xMax="3238" xMin="0" yMax="844" yMin="573"/><wx w="3164" xMax="3164" xMin="0" yMax="66" yMin="-212"/><wx w="3164" xMax="3164" xMin="0" yMax="842" yMin="564"/></cid-widths></multibyte-extras></font-metrics>