<?xml version="1.0" encoding="UTF-8"?><font-metrics metrics-version="2" type="TYPE0"><font-name>STIXIntegralsUp-Regular</font-name><full-name>STIXIntegralsUp-Regular</full-name><family-name>STIXIntegralsUp</family-name><embed/><cap-height>0</cap-height><x-height>0</x-height><ascender>750</ascender><descender>-250</descender><bbox><left>31</left><bottom>-455</bottom><right>1135</right><top>935</top></bbox><flags>33</flags><stemv>0</stemv><italicangle>0</italicangle><subtype>TYPE0</subtype><multibyte-extras><cid-type>CIDFontType2</cid-type><default-width>0</default-width><bfranges><bf gi="3" ue="32" us="32"/><bf gi="4" ue="160" us="160"/><bf gi="5" ue="8755" us="8747"/><bf gi="14" ue="10780" us="10763"/><bf gi="0" ue="65535" us="65535"/></bfranges><cid-widths start-index="0"><wx w="250" xMax="0" xMin="0" yMax="0" yMin="0"/><wx w="0" xMax="0" xMin="0" yMax="0" yMin="0"/><wx w="333" xMax="0" xMin="0" yMax="0" yMin="0"/><wx w="250" xMax="0" xMin="0" yMax="0" yMin="0"/><wx w="250" xMax="0" xMin="0" yMax="0" yMin="0"/><wx w="366" xMax="408" xMin="59" yMax="824" yMin="-320"/><wx w="596" xMax="638" xMin="59" yMax="824" yMin="-320"/><wx w="826" xMax="868" xMin="59" yMax="824" yMin="-320"/><wx w="397" xMax="486" xMin="35" yMax="824" yMin="-320"/><wx w="548" xMax="637" xMin="35" yMax="824" yMin="-320"/><wx w="876" xMax="972" xMin="54" yMax="824" yMin="-320"/><wx w="478" xMax="547" xMin="54" yMax="824" yMin="-320"/><wx w="441" xMax="530" xMin="35" yMax="824" yMin="-320"/><wx w="475" xMax="564" xMin="35" yMax="824" yMin="-320"/><wx w="706" xMax="661" xMin="43" yMax="812" yMin="-332"/><wx w="1093" xMax="1135" xMin="59" yMax="812" yMin="-332"/><wx w="467" xMax="509" xMin="59" yMax="812" yMin="-332"/><wx w="467" xMax="509" xMin="59" yMax="812" yMin="-332"/><wx w="529" xMax="571" xMin="59" yMax="812" yMin="-332"/><wx w="346" xMax="435" xMin="35" yMax="812" yMin="-332"/><wx w="478" xMax="547" xMin="54" yMax="812" yMin="-332"/><wx w="365" xMax="434" xMin="35" yMax="812" yMin="-332"/><wx w="384" xMax="453" xMin="54" yMax="812" yMin="-332"/><wx w="509" xMax="578" xMin="54" yMax="812" yMin="-332"/><wx w="396" xMax="485" xMin="35" yMax="812" yMin="-332"/><wx w="412" xMax="481" xMin="31" yMax="812" yMin="-332"/><wx w="771" xMax="831" xMin="45" yMax="812" yMin="-332"/><wx w="455" xMax="515" xMin="45" yMax="812" yMin="-332"/><wx w="504" xMax="569" xMin="45" yMax="812" yMin="-332"/><wx w="504" xMax="569" xMin="45" yMax="812" yMin="-332"/><wx w="453" xMax="495" xMin="45" yMax="935" yMin="-332"/><wx w="376" xMax="509" xMin="59" yMax="812" yMin="-455"/></cid-widths></multibyte-extras></font-metrics>