<?xml version="1.0" encoding="UTF-8"?><font-metrics metrics-version="2" type="TYPE0"><font-name>STIXIntegralsUpD-Bold</font-name><full-name>STIXIntegralsUpD-Bold</full-name><family-name>STIXIntegralsUpD</family-name><embed/><cap-height>0</cap-height><x-height>0</x-height><ascender>750</ascender><descender>-250</descender><bbox><left>-35</left><bottom>-451</bottom><right>1640</right><top>2182</top></bbox><flags>33</flags><stemv>0</stemv><italicangle>0</italicangle><subtype>TYPE0</subtype><multibyte-extras><cid-type>CIDFontType2</cid-type><default-width>0</default-width><bfranges><bf gi="3" ue="32" us="32"/><bf gi="4" ue="160" us="160"/><bf gi="5" ue="8755" us="8747"/><bf gi="14" ue="10780" us="10764"/><bf gi="0" ue="65535" us="65535"/></bfranges><cid-widths start-index="0"><wx w="250" xMax="0" xMin="0" yMax="0" yMin="0"/><wx w="0" xMax="0" xMin="0" yMax="0" yMin="0"/><wx w="333" xMax="0" xMin="0" yMax="0" yMin="0"/><wx w="250" xMax="0" xMin="0" yMax="0" yMin="0"/><wx w="250" xMax="0" xMin="0" yMax="0" yMin="0"/><wx w="515" xMax="560" xMin="58" yMax="2000" yMin="-269"/><wx w="875" xMax="920" xMin="58" yMax="2000" yMin="-269"/><wx w="1239" xMax="1281" xMin="59" yMax="2000" yMin="-269"/><wx w="626" xMax="695" xMin="56" yMax="2000" yMin="-269"/><wx w="1039" xMax="1039" xMin="39" yMax="2000" yMin="-269"/><wx w="1384" xMax="1395" xMin="36" yMax="2000" yMin="-269"/><wx w="632" xMax="760" xMin="47" yMax="2000" yMin="-269"/><wx w="639" xMax="769" xMin="56" yMax="2000" yMin="-269"/><wx w="598" xMax="778" xMin="56" yMax="2000" yMin="-269"/><wx w="1595" xMax="1640" xMin="58" yMax="2000" yMin="-269"/><wx w="552" xMax="590" xMin="-35" yMax="2000" yMin="-269"/><wx w="642" xMax="680" xMin="35" yMax="2000" yMin="-269"/><wx w="675" xMax="752" xMin="25" yMax="2000" yMin="-269"/><wx w="640" xMax="646" xMin="56" yMax="2000" yMin="-269"/><wx w="632" xMax="760" xMin="47" yMax="2000" yMin="-269"/><wx w="625" xMax="654" xMin="58" yMax="2000" yMin="-269"/><wx w="557" xMax="626" xMin="58" yMax="2000" yMin="-269"/><wx w="708" xMax="789" xMin="58" yMax="2000" yMin="-269"/><wx w="626" xMax="695" xMin="56" yMax="2000" yMin="-269"/><wx w="718" xMax="747" xMin="56" yMax="2000" yMin="-269"/><wx w="963" xMax="1057" xMin="24" yMax="2000" yMin="-269"/><wx w="681" xMax="692" xMin="62" yMax="2000" yMin="-269"/><wx w="832" xMax="898" xMin="65" yMax="2000" yMin="-269"/><wx w="832" xMax="898" xMin="65" yMax="2000" yMin="-269"/><wx w="733" xMax="773" xMin="0" yMax="2182" yMin="-269"/><wx w="525" xMax="831" xMin="58" yMax="2000" yMin="-451"/></cid-widths></multibyte-extras></font-metrics>