<?xml version="1.0" encoding="UTF-8"?><font-metrics metrics-version="2" type="TYPE0"><font-name>STIXNonUnicode-BoldItalic</font-name><full-name>STIXNonUnicode-BoldItalic</full-name><family-name>STIXNonUnicode</family-name><embed/><cap-height>0</cap-height><x-height>0</x-height><ascender>750</ascender><descender>-250</descender><bbox><left>-188</left><bottom>-245</bottom><right>1146</right><top>835</top></bbox><flags>97</flags><stemv>0</stemv><italicangle>-17</italicangle><subtype>TYPE0</subtype><multibyte-extras><cid-type>CIDFontType2</cid-type><default-width>0</default-width><bfranges><bf gi="3" ue="32" us="32"/><bf gi="4" ue="160" us="160"/><bf gi="5" ue="57502" us="57500"/><bf gi="8" ue="57523" us="57523"/><bf gi="9" ue="57857" us="57846"/><bf gi="21" ue="57877" us="57859"/><bf gi="40" ue="57882" us="57879"/><bf gi="44" ue="57900" us="57885"/><bf gi="60" ue="57952" us="57927"/><bf gi="86" ue="57956" us="57956"/><bf gi="87" ue="57960" us="57960"/><bf gi="88" ue="57964" us="57964"/><bf gi="89" ue="57968" us="57968"/><bf gi="90" ue="57972" us="57972"/><bf gi="91" ue="57976" us="57976"/><bf gi="92" ue="57980" us="57980"/><bf gi="93" ue="57984" us="57984"/><bf gi="94" ue="57988" us="57988"/><bf gi="95" ue="57992" us="57992"/><bf gi="96" ue="58005" us="58005"/><bf gi="97" ue="58007" us="58007"/><bf gi="98" ue="58009" us="58009"/><bf gi="99" ue="58011" us="58011"/><bf gi="100" ue="58013" us="58013"/><bf gi="101" ue="58015" us="58015"/><bf gi="102" ue="58017" us="58017"/><bf gi="103" ue="58019" us="58019"/><bf gi="104" ue="58021" us="58021"/><bf gi="105" ue="58023" us="58023"/><bf gi="106" ue="58025" us="58025"/><bf gi="107" ue="58027" us="58027"/><bf gi="108" ue="58029" us="58029"/><bf gi="109" ue="58031" us="58031"/><bf gi="110" ue="58033" us="58033"/><bf gi="111" ue="58035" us="58035"/><bf gi="112" ue="58037" us="58037"/><bf gi="113" ue="58039" us="58039"/><bf gi="114" ue="58041" us="58041"/><bf gi="115" ue="58043" us="58043"/><bf gi="116" ue="58045" us="58045"/><bf gi="117" ue="58047" us="58047"/><bf gi="118" ue="58049" us="58049"/><bf gi="119" ue="58051" us="58051"/><bf gi="120" ue="58053" us="58053"/><bf gi="121" ue="58055" us="58055"/><bf gi="122" ue="58057" us="58057"/><bf gi="123" ue="58059" us="58059"/><bf gi="124" ue="58061" us="58061"/><bf gi="125" ue="58063" us="58063"/><bf gi="126" ue="58065" us="58065"/><bf gi="127" ue="58067" us="58067"/><bf gi="128" ue="58069" us="58069"/><bf gi="129" ue="58071" us="58071"/><bf gi="130" ue="58073" us="58073"/><bf gi="131" ue="58075" us="58075"/><bf gi="132" ue="58077" us="58077"/><bf gi="133" ue="58079" us="58079"/><bf gi="134" ue="58081" us="58081"/><bf gi="135" ue="58083" us="58083"/><bf gi="136" ue="58085" us="58085"/><bf gi="137" ue="58087" us="58087"/><bf gi="138" ue="58089" us="58089"/><bf gi="139" ue="58091" us="58091"/><bf gi="140" ue="58093" us="58093"/><bf gi="141" ue="58095" us="58095"/><bf gi="142" ue="58097" us="58097"/><bf gi="143" ue="58099" us="58099"/><bf gi="144" ue="58101" us="58101"/><bf gi="145" ue="58103" us="58103"/><bf gi="146" ue="58105" us="58105"/><bf gi="147" ue="58107" us="58107"/><bf gi="148" ue="58157" us="58157"/><bf gi="149" ue="58159" us="58159"/><bf gi="150" ue="58161" us="58161"/><bf gi="151" ue="58163" us="58163"/><bf gi="152" ue="58165" us="58165"/><bf gi="153" ue="58167" us="58167"/><bf gi="154" ue="58169" us="58169"/><bf gi="155" ue="58171" us="58171"/><bf gi="156" ue="58173" us="58173"/><bf gi="157" ue="58175" us="58175"/><bf gi="158" ue="58177" us="58177"/><bf gi="159" ue="58179" us="58179"/><bf gi="160" ue="58181" us="58181"/><bf gi="161" ue="58183" us="58183"/><bf gi="162" ue="58185" us="58185"/><bf gi="163" ue="58187" us="58187"/><bf gi="164" ue="58189" us="58189"/><bf gi="165" ue="58191" us="58191"/><bf gi="166" ue="58193" us="58193"/><bf gi="167" ue="58195" us="58195"/><bf gi="168" ue="58197" us="58197"/><bf gi="169" ue="58199" us="58199"/><bf gi="170" ue="58201" us="58201"/><bf gi="171" ue="58203" us="58203"/><bf gi="172" ue="58205" us="58205"/><bf gi="173" ue="58207" us="58207"/><bf gi="174" ue="58209" us="58209"/><bf gi="175" ue="58211" us="58211"/><bf gi="176" ue="58215" us="58215"/><bf gi="177" ue="58219" us="58219"/><bf gi="178" ue="58223" us="58223"/><bf gi="179" ue="58227" us="58227"/><bf gi="180" ue="58229" us="58229"/><bf gi="181" ue="58231" us="58231"/><bf gi="182" ue="58233" us="58233"/><bf gi="183" ue="58235" us="58235"/><bf gi="184" ue="58238" us="58238"/><bf gi="185" ue="58240" us="58240"/><bf gi="186" ue="58242" us="58242"/><bf gi="187" ue="58244" us="58244"/><bf gi="188" ue="58246" us="58246"/><bf gi="189" ue="58249" us="58248"/><bf gi="191" ue="58310" us="58309"/><bf gi="0" ue="65535" us="65535"/></bfranges><cid-widths start-index="0"><wx w="250" xMax="0" xMin="0" yMax="0" yMin="0"/><wx w="0" xMax="0" xMin="0" yMax="0" yMin="0"/><wx w="333" xMax="0" xMin="0" yMax="0" yMin="0"/><wx w="250" xMax="0" xMin="0" yMax="0" yMin="0"/><wx w="250" xMax="0" xMin="0" yMax="0" yMin="0"/><wx w="776" xMax="765" xMin="40" yMax="775" yMin="-235"/><wx w="759" xMax="779" xMin="44" yMax="775" yMin="-235"/><wx w="658" xMax="771" xMin="44" yMax="775" yMin="-235"/><wx w="556" xMax="517" xMin="-188" yMax="703" yMin="-205"/><wx w="500" xMax="578" xMin="89" yMax="688" yMin="-13"/><wx w="500" xMax="505" xMin="204" yMax="688" yMin="0"/><wx w="500" xMax="581" xMin="20" yMax="688" yMin="0"/><wx w="500" xMax="586" xMin="32" yMax="688" yMin="-13"/><wx w="500" xMax="583" xMin="55" yMax="688" yMin="0"/><wx w="500" xMax="651" xMin="27" yMax="676" yMin="-13"/><wx w="500" xMax="638" xMin="80" yMax="688" yMin="-13"/><wx w="500" xMax="639" xMin="120" yMax="676" yMin="0"/><wx w="500" xMax="594" xMin="63" yMax="688" yMin="-13"/><wx w="500" xMax="588" xMin="28" yMax="688" yMin="-13"/><wx w="733" xMax="667" xMin="7" yMax="669" yMin="0"/><wx w="729" xMax="714" xMin="18" yMax="669" yMin="0"/><wx w="680" xMax="703" xMin="18" yMax="669" yMin="0"/><wx w="474" xMax="703" xMin="18" yMax="669" yMin="0"/><wx w="718" xMax="708" xMin="35" yMax="685" yMin="-14"/><wx w="382" xMax="411" xMin="22" yMax="669" yMin="0"/><wx w="603" xMax="644" xMin="19" yMax="669" yMin="-14"/><wx w="766" xMax="766" xMin="18" yMax="669" yMin="0"/><wx w="613" xMax="568" xMin="18" yMax="669" yMin="0"/><wx w="912" xMax="943" xMin="26" yMax="669" yMin="0"/><wx w="749" xMax="734" xMin="35" yMax="685" yMin="-14"/><wx w="686" xMax="711" xMin="30" yMax="685" yMin="-14"/><wx w="445" xMax="653" xMin="30" yMax="669" yMin="0"/><wx w="709" xMax="755" xMin="35" yMax="669" yMin="-14"/><wx w="504" xMax="705" xMin="42" yMax="669" yMin="0"/><wx w="891" xMax="991" xMin="81" yMax="669" yMin="0"/><wx w="759" xMax="832" xMin="7" yMax="669" yMin="0"/><wx w="462" xMax="714" xMin="10" yMax="669" yMin="0"/><wx w="634" xMax="589" xMin="45" yMax="462" yMin="-13"/><wx w="661" xMax="619" xMin="34" yMax="699" yMin="-13"/><wx w="571" xMax="545" xMin="45" yMax="462" yMin="-13"/><wx w="575" xMax="540" xMin="45" yMax="462" yMin="-13"/><wx w="438" xMax="618" xMin="45" yMax="699" yMin="0"/><wx w="666" xMax="642" xMin="28" yMax="462" yMin="-205"/><wx w="661" xMax="616" xMin="34" yMax="699" yMin="0"/><wx w="641" xMax="616" xMin="34" yMax="699" yMin="0"/><wx w="372" xMax="413" xMin="34" yMax="699" yMin="0"/><wx w="942" xMax="897" xMin="35" yMax="462" yMin="0"/><wx w="661" xMax="616" xMin="34" yMax="462" yMin="0"/><wx w="586" xMax="551" xMin="45" yMax="462" yMin="-13"/><wx w="680" xMax="645" xMin="3" yMax="462" yMin="-205"/><wx w="662" xMax="630" xMin="45" yMax="462" yMin="-205"/><wx w="403" xMax="538" xMin="33" yMax="462" yMin="0"/><wx w="533" xMax="519" xMin="33" yMax="462" yMin="-13"/><wx w="403" xMax="422" xMin="22" yMax="676" yMin="-14"/><wx w="661" xMax="627" xMin="45" yMax="449" yMin="-13"/><wx w="477" xMax="534" xMin="32" yMax="449" yMin="0"/><wx w="733" xMax="763" xMin="55" yMax="449" yMin="0"/><wx w="562" xMax="589" xMin="-12" yMax="449" yMin="0"/><wx w="584" xMax="643" xMin="-9" yMax="449" yMin="-205"/><wx w="619" xMax="594" xMin="35" yMax="449" yMin="0"/><wx w="871" xMax="834" xMin="38" yMax="711" yMin="-47"/><wx w="755" xMax="740" xMin="33" yMax="703" yMin="-10"/><wx w="667" xMax="669" xMin="36" yMax="704" yMin="-12"/><wx w="802" xMax="808" xMin="30" yMax="696" yMin="0"/><wx w="609" xMax="626" xMin="41" yMax="704" yMin="-8"/><wx w="645" xMax="738" xMin="34" yMax="696" yMin="0"/><wx w="615" xMax="615" xMin="43" yMax="704" yMin="-144"/><wx w="849" xMax="858" xMin="22" yMax="696" yMin="-24"/><wx w="621" xMax="623" xMin="36" yMax="696" yMin="0"/><wx w="645" xMax="811" xMin="36" yMax="695" yMin="-116"/><wx w="856" xMax="820" xMin="38" yMax="703" yMin="-14"/><wx w="726" xMax="688" xMin="38" yMax="704" yMin="-8"/><wx w="1186" xMax="1146" xMin="38" yMax="705" yMin="-45"/><wx w="997" xMax="1098" xMin="36" yMax="835" yMin="-39"/><wx w="772" xMax="782" xMin="43" yMax="707" yMin="-10"/><wx w="645" xMax="731" xMin="36" yMax="696" yMin="0"/><wx w="778" xMax="737" xMin="43" yMax="704" yMin="-145"/><wx w="869" xMax="831" xMin="36" yMax="697" yMin="-13"/><wx w="667" xMax="699" xMin="36" yMax="705" yMin="-7"/><wx w="547" xMax="747" xMin="33" yMax="783" yMin="0"/><wx w="787" xMax="936" xMin="33" yMax="700" yMin="-14"/><wx w="652" xMax="706" xMin="36" yMax="711" yMin="-31"/><wx w="956" xMax="1010" xMin="36" yMax="711" yMin="-34"/><wx w="720" xMax="781" xMin="36" yMax="710" yMin="-14"/><wx w="720" xMax="773" xMin="36" yMax="711" yMin="-144"/><wx w="778" xMax="744" xMin="36" yMax="702" yMin="-98"/><wx w="600" xMax="554" xMin="47" yMax="473" yMin="-10"/><wx w="600" xMax="450" xMin="95" yMax="473" yMin="0"/><wx w="600" xMax="531" xMin="54" yMax="473" yMin="0"/><wx w="600" xMax="547" xMin="31" yMax="463" yMin="-217"/><wx w="600" xMax="564" xMin="30" yMax="450" yMin="-217"/><wx w="600" xMax="561" xMin="25" yMax="450" yMin="-218"/><wx w="600" xMax="545" xMin="55" yMax="670" yMin="-10"/><wx w="600" xMax="582" xMin="24" yMax="450" yMin="-217"/><wx w="600" xMax="560" xMin="41" yMax="670" yMin="-10"/><wx w="600" xMax="539" xMin="49" yMax="463" yMin="-217"/><wx w="776" xMax="739" xMin="40" yMax="775" yMin="-235"/><wx w="762" xMax="747" xMin="44" yMax="775" yMin="-235"/><wx w="711" xMax="753" xMin="57" yMax="775" yMin="-235"/><wx w="870" xMax="840" xMin="44" yMax="775" yMin="-235"/><wx w="759" xMax="779" xMin="44" yMax="775" yMin="-235"/><wx w="658" xMax="771" xMin="44" yMax="775" yMin="-235"/><wx w="789" xMax="787" xMin="57" yMax="775" yMin="-235"/><wx w="915" xMax="940" xMin="44" yMax="775" yMin="-235"/><wx w="502" xMax="525" xMin="46" yMax="775" yMin="-235"/><wx w="648" xMax="688" xMin="68" yMax="775" yMin="-235"/><wx w="814" xMax="838" xMin="44" yMax="775" yMin="-207"/><wx w="764" xMax="718" xMin="44" yMax="775" yMin="-235"/><wx w="1044" xMax="1069" xMin="44" yMax="775" yMin="-235"/><wx w="857" xMax="882" xMin="44" yMax="775" yMin="-235"/><wx w="802" xMax="777" xMin="57" yMax="775" yMin="-235"/><wx w="626" xMax="790" xMin="19" yMax="775" yMin="-207"/><wx w="834" xMax="777" xMin="57" yMax="775" yMin="-245"/><wx w="783" xMax="757" xMin="44" yMax="775" yMin="-235"/><wx w="589" xMax="621" xMin="57" yMax="775" yMin="-235"/><wx w="562" xMax="696" xMin="30" yMax="775" yMin="-235"/><wx w="745" xMax="813" xMin="74" yMax="775" yMin="-235"/><wx w="597" xMax="774" xMin="66" yMax="775" yMin="-235"/><wx w="980" xMax="1131" xMin="66" yMax="775" yMin="-235"/><wx w="803" xMax="819" xMin="34" yMax="775" yMin="-235"/><wx w="569" xMax="706" xMin="25" yMax="775" yMin="-235"/><wx w="720" xMax="701" xMin="42" yMax="775" yMin="-235"/><wx w="630" xMax="595" xMin="46" yMax="775" yMin="-235"/><wx w="585" xMax="564" xMin="57" yMax="775" yMin="-235"/><wx w="511" xMax="506" xMin="33" yMax="775" yMin="-235"/><wx w="646" xMax="638" xMin="31" yMax="775" yMin="-235"/><wx w="512" xMax="516" xMin="44" yMax="775" yMin="-235"/><wx w="654" xMax="762" xMin="-29" yMax="775" yMin="-235"/><wx w="601" xMax="599" xMin="24" yMax="775" yMin="-235"/><wx w="611" xMax="577" xMin="35" yMax="775" yMin="-235"/><wx w="373" xMax="488" xMin="34" yMax="775" yMin="-207"/><wx w="600" xMax="763" xMin="-29" yMax="775" yMin="-235"/><wx w="622" xMax="660" xMin="35" yMax="775" yMin="-235"/><wx w="381" xMax="484" xMin="30" yMax="775" yMin="-207"/><wx w="873" xMax="838" xMin="35" yMax="775" yMin="-235"/><wx w="611" xMax="581" xMin="35" yMax="775" yMin="-235"/><wx w="571" xMax="548" xMin="46" yMax="775" yMin="-235"/><wx w="636" xMax="649" xMin="-25" yMax="775" yMin="-235"/><wx w="580" xMax="568" xMin="46" yMax="775" yMin="-207"/><wx w="437" xMax="567" xMin="35" yMax="775" yMin="-235"/><wx w="512" xMax="515" xMin="42" yMax="775" yMin="-235"/><wx w="411" xMax="486" xMin="32" yMax="775" yMin="-207"/><wx w="632" xMax="597" xMin="60" yMax="775" yMin="-235"/><wx w="554" xMax="558" xMin="52" yMax="775" yMin="-207"/><wx w="814" xMax="799" xMin="17" yMax="775" yMin="-207"/><wx w="647" xMax="622" xMin="35" yMax="775" yMin="-235"/><wx w="599" xMax="640" xMin="20" yMax="775" yMin="-207"/><wx w="531" xMax="555" xMin="35" yMax="775" yMin="-235"/><wx w="671" xMax="675" xMin="46" yMax="775" yMin="-207"/><wx w="664" xMax="706" xMin="-65" yMax="775" yMin="-207"/><wx w="588" xMax="671" xMin="-100" yMax="775" yMin="-207"/><wx w="571" xMax="547" xMin="46" yMax="775" yMin="-207"/><wx w="508" xMax="515" xMin="44" yMax="775" yMin="-207"/><wx w="505" xMax="629" xMin="-54" yMax="775" yMin="-207"/><wx w="579" xMax="583" xMin="20" yMax="775" yMin="-207"/><wx w="615" xMax="602" xMin="46" yMax="775" yMin="-207"/><wx w="355" xMax="483" xMin="29" yMax="775" yMin="-207"/><wx w="594" xMax="656" xMin="35" yMax="775" yMin="-207"/><wx w="598" xMax="642" xMin="18" yMax="775" yMin="-207"/><wx w="697" xMax="737" xMin="-34" yMax="775" yMin="-207"/><wx w="571" xMax="584" xMin="35" yMax="775" yMin="-207"/><wx w="504" xMax="629" xMin="-54" yMax="775" yMin="-207"/><wx w="500" xMax="506" xMin="32" yMax="775" yMin="-235"/><wx w="652" xMax="772" xMin="1" yMax="775" yMin="-207"/><wx w="636" xMax="652" xMin="27" yMax="775" yMin="-207"/><wx w="504" xMax="514" xMin="23" yMax="775" yMin="-207"/><wx w="595" xMax="641" xMin="46" yMax="775" yMin="-207"/><wx w="474" xMax="521" xMin="20" yMax="775" yMin="-207"/><wx w="582" xMax="584" xMin="20" yMax="775" yMin="-207"/><wx w="726" xMax="772" xMin="1" yMax="775" yMin="-207"/><wx w="622" xMax="730" xMin="-41" yMax="775" yMin="-207"/><wx w="720" xMax="808" xMin="37" yMax="775" yMin="-207"/><wx w="782" xMax="795" xMin="24" yMax="775" yMin="-207"/><wx w="608" xMax="681" xMin="20" yMax="775" yMin="-207"/><wx w="727" xMax="771" xMin="0" yMax="775" yMin="-207"/><wx w="925" xMax="978" xMin="6" yMax="775" yMin="-207"/><wx w="475" xMax="509" xMin="-35" yMax="775" yMin="-235"/><wx w="525" xMax="651" xMin="-68" yMax="775" yMin="-235"/><wx w="485" xMax="466" xMin="16" yMax="775" yMin="-235"/><wx w="530" xMax="731" xMin="12" yMax="775" yMin="-235"/><wx w="569" xMax="592" xMin="-50" yMax="775" yMin="-235"/><wx w="571" xMax="547" xMin="46" yMax="775" yMin="-207"/><wx w="601" xMax="579" xMin="46" yMax="775" yMin="-207"/><wx w="525" xMax="543" xMin="46" yMax="775" yMin="-207"/><wx w="792" xMax="777" xMin="-40" yMax="775" yMin="-235"/><wx w="670" xMax="662" xMin="10" yMax="707" yMin="-14"/><wx w="622" xMax="598" xMin="14" yMax="707" yMin="-14"/><wx w="411" xMax="390" xMin="18" yMax="628" yMin="-14"/><wx w="355" xMax="338" xMin="15" yMax="473" yMin="-14"/><wx w="493" xMax="508" xMin="25" yMax="666" yMin="0"/><wx w="480" xMax="472" xMin="16" yMax="666" yMin="0"/><wx w="514" xMax="475" xMin="47" yMax="462" yMin="-207"/><wx w="357" xMax="274" xMin="55" yMax="462" yMin="-9"/></cid-widths></multibyte-extras></font-metrics>