<?xml version="1.0" encoding="UTF-8"?><font-metrics metrics-version="2" type="TYPE0"><font-name>STIXGeneral-BoldItalic</font-name><full-name>STIXGeneral-BoldItalic</full-name><family-name>STIXGeneral</family-name><embed/><cap-height>669</cap-height><x-height>462</x-height><ascender>750</ascender><descender>-250</descender><bbox><left>-753</left><bottom>-359</bottom><right>1430</right><top>1004</top></bbox><flags>97</flags><stemv>0</stemv><italicangle>-17</italicangle><subtype>TYPE0</subtype><multibyte-extras><cid-type>CIDFontType2</cid-type><default-width>0</default-width><bfranges><bf gi="3" ue="126" us="32"/><bf gi="98" ue="384" us="160"/><bf gi="323" ue="392" us="392"/><bf gi="324" ue="400" us="400"/><bf gi="325" ue="402" us="402"/><bf gi="326" ue="405" us="405"/><bf gi="327" ue="411" us="409"/><bf gi="330" ue="414" us="414"/><bf gi="331" ue="417" us="416"/><bf gi="333" ue="421" us="421"/><bf gi="334" ue="427" us="426"/><bf gi="336" ue="429" us="429"/><bf gi="337" ue="432" us="431"/><bf gi="339" ue="443" us="442"/><bf gi="341" ue="446" us="446"/><bf gi="342" ue="451" us="448"/><bf gi="346" ue="496" us="496"/><bf gi="347" ue="511" us="506"/><bf gi="353" ue="567" us="567"/><bf gi="354" ue="680" us="592"/><bf gi="443" ue="696" us="688"/><bf gi="452" ue="699" us="699"/><bf gi="453" ue="705" us="704"/><bf gi="455" ue="711" us="710"/><bf gi="457" ue="733" us="728"/><bf gi="463" ue="740" us="736"/><bf gi="468" ue="749" us="748"/><bf gi="470" ue="759" us="759"/><bf gi="471" ue="906" us="900"/><bf gi="478" ue="908" us="908"/><bf gi="479" ue="929" us="910"/><bf gi="499" ue="974" us="931"/><bf gi="543" ue="978" us="976"/><bf gi="546" ue="982" us="981"/><bf gi="548" ue="993" us="984"/><bf gi="558" ue="1009" us="1008"/><bf gi="560" ue="1014" us="1012"/><bf gi="563" ue="1036" us="1025"/><bf gi="575" ue="1103" us="1038"/><bf gi="641" ue="1116" us="1105"/><bf gi="653" ue="1119" us="1118"/><bf gi="655" ue="1123" us="1122"/><bf gi="657" ue="1131" us="1130"/><bf gi="659" ue="1141" us="1138"/><bf gi="663" ue="1169" us="1168"/><bf gi="665" ue="7813" us="7808"/><bf gi="671" ue="7923" us="7922"/><bf gi="673" ue="8212" us="8208"/><bf gi="678" ue="8226" us="8216"/><bf gi="689" ue="8230" us="8230"/><bf gi="690" ue="8241" us="8240"/><bf gi="692" ue="8250" us="8249"/><bf gi="694" ue="8254" us="8254"/><bf gi="695" ue="8260" us="8260"/><bf gi="696" ue="8356" us="8355"/><bf gi="698" ue="8359" us="8359"/><bf gi="699" ue="8364" us="8364"/><bf gi="700" ue="8413" us="8413"/><bf gi="701" ue="8450" us="8450"/><bf gi="702" ue="8453" us="8453"/><bf gi="703" ue="8459" us="8458"/><bf gi="705" ue="8461" us="8461"/><bf gi="706" ue="8464" us="8464"/><bf gi="707" ue="8467" us="8466"/><bf gi="709" ue="8470" us="8469"/><bf gi="711" ue="8475" us="8473"/><bf gi="714" ue="8477" us="8477"/><bf gi="715" ue="8482" us="8482"/><bf gi="716" ue="8484" us="8484"/><bf gi="717" ue="8492" us="8492"/><bf gi="718" ue="8497" us="8495"/><bf gi="721" ue="8500" us="8499"/><bf gi="723" ue="8508" us="8508"/><bf gi="724" ue="8511" us="8511"/><bf gi="725" ue="8521" us="8517"/><bf gi="730" ue="8706" us="8706"/><bf gi="731" ue="8722" us="8722"/><bf gi="732" ue="9251" us="9251"/><bf gi="733" ue="9320" us="9312"/><bf gi="742" ue="9450" us="9398"/><bf gi="795" ue="9472" us="9472"/><bf gi="796" ue="9474" us="9474"/><bf gi="797" ue="9484" us="9484"/><bf gi="798" ue="9488" us="9488"/><bf gi="799" ue="9492" us="9492"/><bf gi="800" ue="9496" us="9496"/><bf gi="801" ue="9500" us="9500"/><bf gi="802" ue="9508" us="9508"/><bf gi="803" ue="9516" us="9516"/><bf gi="804" ue="9524" us="9524"/><bf gi="805" ue="9532" us="9532"/><bf gi="806" ue="9580" us="9552"/><bf gi="835" ue="64260" us="64256"/><bf gi="0" ue="65535" us="65535"/></bfranges><cid-widths start-index="0"><wx w="250" xMax="0" xMin="0" yMax="0" yMin="0"/><wx w="0" xMax="0" xMin="0" yMax="0" yMin="0"/><wx w="333" xMax="0" xMin="0" yMax="0" yMin="0"/><wx w="250" xMax="0" xMin="0" yMax="0" yMin="0"/><wx w="389" xMax="370" xMin="67" yMax="684" yMin="-13"/><wx w="555" xMax="536" xMin="136" yMax="685" yMin="398"/><wx w="500" xMax="532" xMin="-32" yMax="700" yMin="0"/><wx w="500" xMax="497" xMin="-20" yMax="733" yMin="-100"/><wx w="757" xMax="707" xMin="80" yMax="706" yMin="-29"/><wx w="849" xMax="771" xMin="76" yMax="682" yMin="-19"/><wx w="278" xMax="268" xMin="128" yMax="685" yMin="398"/><wx w="333" xMax="344" xMin="28" yMax="685" yMin="-179"/><wx w="333" xMax="271" xMin="-44" yMax="685" yMin="-179"/><wx w="500" xMax="492" xMin="101" yMax="685" yMin="252"/><wx w="570" xMax="537" xMin="33" yMax="506" yMin="0"/><wx w="250" xMax="144" xMin="-60" yMax="134" yMin="-182"/><wx w="333" xMax="271" xMin="2" yMax="282" yMin="166"/><wx w="250" xMax="139" xMin="-9" yMax="135" yMin="-13"/><wx w="278" xMax="342" xMin="-64" yMax="685" yMin="-18"/><wx w="500" xMax="477" xMin="17" yMax="683" yMin="-14"/><wx w="500" xMax="419" xMin="5" yMax="683" yMin="0"/><wx w="500" xMax="446" xMin="-27" yMax="683" yMin="0"/><wx w="500" xMax="450" xMin="-14" yMax="683" yMin="-13"/><wx w="500" xMax="503" xMin="-15" yMax="683" yMin="0"/><wx w="500" xMax="486" xMin="-11" yMax="669" yMin="-13"/><wx w="500" xMax="509" xMin="23" yMax="679" yMin="-15"/><wx w="500" xMax="525" xMin="52" yMax="669" yMin="0"/><wx w="500" xMax="476" xMin="3" yMax="683" yMin="-13"/><wx w="500" xMax="475" xMin="-12" yMax="683" yMin="-10"/><wx w="333" xMax="264" xMin="23" yMax="459" yMin="-13"/><wx w="333" xMax="264" xMin="-25" yMax="459" yMin="-183"/><wx w="570" xMax="539" xMin="31" yMax="518" yMin="-12"/><wx w="570" xMax="537" xMin="33" yMax="399" yMin="107"/><wx w="570" xMax="539" xMin="31" yMax="518" yMin="-12"/><wx w="500" xMax="470" xMin="79" yMax="684" yMin="-13"/><wx w="939" xMax="825" xMin="118" yMax="685" yMin="-18"/><wx w="667" xMax="593" xMin="-68" yMax="683" yMin="0"/><wx w="667" xMax="624" xMin="-25" yMax="669" yMin="0"/><wx w="667" xMax="677" xMin="32" yMax="685" yMin="-18"/><wx w="722" xMax="685" xMin="-46" yMax="669" yMin="0"/><wx w="667" xMax="653" xMin="-27" yMax="669" yMin="0"/><wx w="667" xMax="660" xMin="-13" yMax="669" yMin="0"/><wx w="722" xMax="705" xMin="21" yMax="685" yMin="-18"/><wx w="778" xMax="799" xMin="-24" yMax="669" yMin="0"/><wx w="389" xMax="406" xMin="-32" yMax="669" yMin="0"/><wx w="500" xMax="524" xMin="-46" yMax="669" yMin="-99"/><wx w="667" xMax="702" xMin="-21" yMax="669" yMin="0"/><wx w="611" xMax="590" xMin="-22" yMax="669" yMin="0"/><wx w="889" xMax="917" xMin="-29" yMax="669" yMin="-12"/><wx w="722" xMax="748" xMin="-27" yMax="669" yMin="-15"/><wx w="722" xMax="691" xMin="27" yMax="685" yMin="-18"/><wx w="611" xMax="613" xMin="-28" yMax="669" yMin="0"/><wx w="722" xMax="691" xMin="27" yMax="685" yMin="-208"/><wx w="667" xMax="623" xMin="-28" yMax="669" yMin="0"/><wx w="556" xMax="526" xMin="2" yMax="685" yMin="-18"/><wx w="611" xMax="650" xMin="49" yMax="669" yMin="0"/><wx w="722" xMax="744" xMin="67" yMax="669" yMin="-18"/><wx w="667" xMax="715" xMin="66" yMax="669" yMin="-18"/><wx w="889" xMax="940" xMin="64" yMax="669" yMin="-18"/><wx w="667" xMax="694" xMin="-24" yMax="669" yMin="0"/><wx w="611" xMax="659" xMin="71" yMax="669" yMin="0"/><wx w="611" xMax="589" xMin="-12" yMax="669" yMin="0"/><wx w="333" xMax="362" xMin="-37" yMax="674" yMin="-159"/><wx w="278" xMax="279" xMin="-1" yMax="685" yMin="-18"/><wx w="333" xMax="343" xMin="-56" yMax="674" yMin="-157"/><wx w="570" xMax="503" xMin="67" yMax="669" yMin="304"/><wx w="500" xMax="500" xMin="0" yMax="-75" yMin="-125"/><wx w="333" xMax="297" xMin="85" yMax="697" yMin="516"/><wx w="500" xMax="456" xMin="-21" yMax="462" yMin="-14"/><wx w="500" xMax="444" xMin="-14" yMax="699" yMin="-13"/><wx w="444" xMax="392" xMin="-5" yMax="462" yMin="-13"/><wx w="500" xMax="517" xMin="-21" yMax="699" yMin="-13"/><wx w="444" xMax="398" xMin="5" yMax="462" yMin="-13"/><wx w="333" xMax="446" xMin="-169" yMax="698" yMin="-205"/><wx w="500" xMax="477" xMin="-52" yMax="462" yMin="-203"/><wx w="556" xMax="498" xMin="-13" yMax="699" yMin="-9"/><wx w="278" xMax="262" xMin="2" yMax="684" yMin="-9"/><wx w="278" xMax="279" xMin="-189" yMax="685" yMin="-207"/><wx w="500" xMax="483" xMin="-23" yMax="699" yMin="-8"/><wx w="278" xMax="290" xMin="2" yMax="699" yMin="-9"/><wx w="778" xMax="723" xMin="-14" yMax="462" yMin="-9"/><wx w="556" xMax="494" xMin="-6" yMax="462" yMin="-9"/><wx w="500" xMax="441" xMin="-3" yMax="462" yMin="-13"/><wx w="500" xMax="446" xMin="-120" yMax="462" yMin="-205"/><wx w="500" xMax="471" xMin="1" yMax="462" yMin="-205"/><wx w="389" xMax="389" xMin="-21" yMax="462" yMin="0"/><wx w="389" xMax="333" xMin="-19" yMax="462" yMin="-13"/><wx w="278" xMax="281" xMin="-11" yMax="594" yMin="-9"/><wx w="556" xMax="493" xMin="15" yMax="462" yMin="-9"/><wx w="444" xMax="401" xMin="15" yMax="462" yMin="-13"/><wx w="667" xMax="614" xMin="15" yMax="462" yMin="-13"/><wx w="500" xMax="469" xMin="-45" yMax="462" yMin="-13"/><wx w="444" xMax="392" xMin="-94" yMax="462" yMin="-205"/><wx w="389" xMax="368" xMin="-43" yMax="449" yMin="-78"/><wx w="348" xMax="436" xMin="4" yMax="686" yMin="-187"/><wx w="220" xMax="154" xMin="66" yMax="685" yMin="-18"/><wx w="348" xMax="303" xMin="-129" yMax="686" yMin="-187"/><wx w="570" xMax="516" xMin="54" yMax="331" yMin="175"/><wx w="250" xMax="0" xMin="0" yMax="0" yMin="0"/><wx w="389" xMax="320" xMin="19" yMax="494" yMin="-205"/><wx w="500" xMax="439" xMin="42" yMax="576" yMin="-143"/><wx w="500" xMax="510" xMin="-32" yMax="683" yMin="-12"/><wx w="500" xMax="526" xMin="-26" yMax="542" yMin="-10"/><wx w="500" xMax="628" xMin="33" yMax="669" yMin="0"/><wx w="220" xMax="154" xMin="66" yMax="685" yMin="-18"/><wx w="500" xMax="459" xMin="36" yMax="685" yMin="-143"/><wx w="333" xMax="397" xMin="55" yMax="655" yMin="525"/><wx w="747" xMax="718" xMin="30" yMax="685" yMin="-18"/><wx w="266" xMax="330" xMin="16" yMax="685" yMin="399"/><wx w="500" xMax="468" xMin="12" yMax="415" yMin="32"/><wx w="606" xMax="555" xMin="51" yMax="399" yMin="108"/><wx w="333" xMax="271" xMin="2" yMax="282" yMin="166"/><wx w="747" xMax="718" xMin="30" yMax="685" yMin="-18"/><wx w="333" xMax="393" xMin="51" yMax="623" yMin="553"/><wx w="400" xMax="369" xMin="83" yMax="688" yMin="402"/><wx w="570" xMax="537" xMin="33" yMax="568" yMin="0"/><wx w="300" xMax="313" xMin="2" yMax="683" yMin="274"/><wx w="300" xMax="321" xMin="17" yMax="683" yMin="265"/><wx w="333" xMax="379" xMin="139" yMax="697" yMin="516"/><wx w="576" xMax="516" xMin="-60" yMax="449" yMin="-207"/><wx w="617" xMax="679" xMin="60" yMax="669" yMin="-193"/><wx w="250" xMax="199" xMin="51" yMax="405" yMin="257"/><wx w="333" xMax="156" xMin="-80" yMax="5" yMin="-218"/><wx w="300" xMax="301" xMin="30" yMax="683" yMin="274"/><wx w="300" xMax="347" xMin="56" yMax="685" yMin="400"/><wx w="500" xMax="468" xMin="12" yMax="415" yMin="32"/><wx w="750" xMax="721" xMin="7" yMax="683" yMin="-14"/><wx w="750" xMax="723" xMin="-9" yMax="683" yMin="-14"/><wx w="750" xMax="726" xMin="7" yMax="683" yMin="-14"/><wx w="500" xMax="421" xMin="30" yMax="492" yMin="-205"/><wx w="667" xMax="593" xMin="-68" yMax="947" yMin="0"/><wx w="667" xMax="593" xMin="-68" yMax="947" yMin="0"/><wx w="667" xMax="593" xMin="-68" yMax="940" yMin="0"/><wx w="667" xMax="612" xMin="-68" yMax="905" yMin="0"/><wx w="667" xMax="599" xMin="-68" yMax="905" yMin="0"/><wx w="667" xMax="593" xMin="-68" yMax="1004" yMin="0"/><wx w="944" xMax="918" xMin="-64" yMax="669" yMin="0"/><wx w="667" xMax="677" xMin="32" yMax="685" yMin="-218"/><wx w="667" xMax="653" xMin="-27" yMax="947" yMin="0"/><wx w="667" xMax="653" xMin="-27" yMax="947" yMin="0"/><wx w="667" xMax="653" xMin="-27" yMax="940" yMin="0"/><wx w="667" xMax="653" xMin="-27" yMax="905" yMin="0"/><wx w="389" xMax="406" xMin="-32" yMax="947" yMin="0"/><wx w="389" xMax="440" xMin="-32" yMax="947" yMin="0"/><wx w="389" xMax="469" xMin="-32" yMax="940" yMin="0"/><wx w="389" xMax="480" xMin="-32" yMax="905" yMin="0"/><wx w="722" xMax="700" xMin="-31" yMax="669" yMin="0"/><wx w="722" xMax="748" xMin="-27" yMax="905" yMin="-15"/><wx w="722" xMax="691" xMin="27" yMax="947" yMin="-18"/><wx w="722" xMax="691" xMin="27" yMax="947" yMin="-18"/><wx w="722" xMax="691" xMin="27" yMax="940" yMin="-18"/><wx w="722" xMax="691" xMin="27" yMax="905" yMin="-18"/><wx w="722" xMax="691" xMin="27" yMax="905" yMin="-18"/><wx w="570" xMax="522" xMin="48" yMax="490" yMin="16"/><wx w="722" xMax="691" xMin="27" yMax="764" yMin="-125"/><wx w="722" xMax="744" xMin="67" yMax="947" yMin="-18"/><wx w="722" xMax="744" xMin="67" yMax="947" yMin="-18"/><wx w="722" xMax="744" xMin="67" yMax="940" yMin="-18"/><wx w="722" xMax="744" xMin="67" yMax="905" yMin="-18"/><wx w="611" xMax="659" xMin="71" yMax="947" yMin="0"/><wx w="611" xMax="573" xMin="-27" yMax="669" yMin="0"/><wx w="500" xMax="473" xMin="-200" yMax="705" yMin="-200"/><wx w="500" xMax="456" xMin="-21" yMax="697" yMin="-14"/><wx w="500" xMax="456" xMin="-21" yMax="697" yMin="-14"/><wx w="500" xMax="475" xMin="-21" yMax="690" yMin="-14"/><wx w="500" xMax="497" xMin="-21" yMax="655" yMin="-14"/><wx w="500" xMax="485" xMin="-21" yMax="655" yMin="-14"/><wx w="500" xMax="456" xMin="-21" yMax="756" yMin="-14"/><wx w="722" xMax="673" xMin="-5" yMax="462" yMin="-13"/><wx w="444" xMax="392" xMin="-24" yMax="462" yMin="-218"/><wx w="444" xMax="398" xMin="5" yMax="697" yMin="-13"/><wx w="444" xMax="419" xMin="5" yMax="697" yMin="-13"/><wx w="444" xMax="462" xMin="5" yMax="690" yMin="-13"/><wx w="444" xMax="470" xMin="5" yMax="655" yMin="-13"/><wx w="278" xMax="294" xMin="2" yMax="697" yMin="-9"/><wx w="278" xMax="310" xMin="2" yMax="697" yMin="-9"/><wx w="278" xMax="353" xMin="2" yMax="690" yMin="-9"/><wx w="278" xMax="362" xMin="2" yMax="655" yMin="-9"/><wx w="500" xMax="454" xMin="-3" yMax="699" yMin="-13"/><wx w="556" xMax="507" xMin="-6" yMax="655" yMin="-9"/><wx w="500" xMax="441" xMin="-3" yMax="697" yMin="-13"/><wx w="500" xMax="441" xMin="-3" yMax="697" yMin="-13"/><wx w="500" xMax="462" xMin="-3" yMax="690" yMin="-13"/><wx w="500" xMax="485" xMin="-3" yMax="655" yMin="-13"/><wx w="500" xMax="470" xMin="-3" yMax="655" yMin="-13"/><wx w="570" xMax="537" xMin="33" yMax="535" yMin="-29"/><wx w="500" xMax="441" xMin="-3" yMax="560" yMin="-119"/><wx w="556" xMax="493" xMin="15" yMax="697" yMin="-9"/><wx w="556" xMax="493" xMin="15" yMax="697" yMin="-9"/><wx w="556" xMax="493" xMin="15" yMax="690" yMin="-9"/><wx w="556" xMax="493" xMin="15" yMax="655" yMin="-9"/><wx w="444" xMax="401" xMin="-94" yMax="697" yMin="-205"/><wx w="500" xMax="446" xMin="-120" yMax="699" yMin="-205"/><wx w="444" xMax="460" xMin="-94" yMax="655" yMin="-205"/><wx w="667" xMax="593" xMin="-68" yMax="793" yMin="0"/><wx w="500" xMax="486" xMin="-21" yMax="586" yMin="-14"/><wx w="667" xMax="593" xMin="-68" yMax="885" yMin="0"/><wx w="500" xMax="483" xMin="-21" yMax="678" yMin="-14"/><wx w="667" xMax="640" xMin="-68" yMax="683" yMin="-173"/><wx w="500" xMax="507" xMin="-21" yMax="462" yMin="-173"/><wx w="667" xMax="677" xMin="32" yMax="904" yMin="-18"/><wx w="444" xMax="392" xMin="-5" yMax="697" yMin="-13"/><wx w="667" xMax="677" xMin="32" yMax="897" yMin="-18"/><wx w="444" xMax="415" xMin="-5" yMax="690" yMin="-13"/><wx w="667" xMax="677" xMin="32" yMax="862" yMin="-18"/><wx w="444" xMax="392" xMin="-5" yMax="655" yMin="-13"/><wx w="667" xMax="677" xMin="32" yMax="897" yMin="-18"/><wx w="444" xMax="437" xMin="-5" yMax="690" yMin="-13"/><wx w="722" xMax="685" xMin="-46" yMax="897" yMin="0"/><wx w="658" xMax="726" xMin="-21" yMax="710" yMin="-13"/><wx w="722" xMax="700" xMin="-31" yMax="669" yMin="0"/><wx w="500" xMax="541" xMin="-21" yMax="699" yMin="-13"/><wx w="667" xMax="653" xMin="-27" yMax="793" yMin="0"/><wx w="444" xMax="431" xMin="5" yMax="586" yMin="-13"/><wx w="667" xMax="653" xMin="-27" yMax="885" yMin="0"/><wx w="444" xMax="478" xMin="5" yMax="678" yMin="-13"/><wx w="667" xMax="653" xMin="-27" yMax="862" yMin="0"/><wx w="444" xMax="398" xMin="5" yMax="655" yMin="-13"/><wx w="667" xMax="653" xMin="-27" yMax="669" yMin="-182"/><wx w="444" xMax="398" xMin="5" yMax="462" yMin="-182"/><wx w="667" xMax="653" xMin="-27" yMax="897" yMin="0"/><wx w="444" xMax="486" xMin="5" yMax="690" yMin="-13"/><wx w="722" xMax="705" xMin="21" yMax="897" yMin="-18"/><wx w="500" xMax="477" xMin="-52" yMax="690" yMin="-203"/><wx w="722" xMax="705" xMin="21" yMax="885" yMin="-18"/><wx w="500" xMax="477" xMin="-52" yMax="678" yMin="-203"/><wx w="722" xMax="705" xMin="21" yMax="862" yMin="-18"/><wx w="500" xMax="477" xMin="-52" yMax="655" yMin="-203"/><wx w="722" xMax="705" xMin="21" yMax="685" yMin="-359"/><wx w="500" xMax="477" xMin="-52" yMax="832" yMin="-203"/><wx w="778" xMax="799" xMin="-24" yMax="897" yMin="0"/><wx w="556" xMax="498" xMin="-13" yMax="897" yMin="-9"/><wx w="778" xMax="800" xMin="-24" yMax="669" yMin="0"/><wx w="556" xMax="498" xMin="-13" yMax="699" yMin="-9"/><wx w="389" xMax="470" xMin="-32" yMax="862" yMin="0"/><wx w="278" xMax="350" xMin="-9" yMax="655" yMin="-9"/><wx w="389" xMax="451" xMin="-32" yMax="793" yMin="0"/><wx w="278" xMax="331" xMin="-11" yMax="586" yMin="-9"/><wx w="389" xMax="458" xMin="-32" yMax="885" yMin="0"/><wx w="278" xMax="328" xMin="2" yMax="678" yMin="-9"/><wx w="389" xMax="406" xMin="-32" yMax="669" yMin="-173"/><wx w="278" xMax="262" xMin="2" yMax="684" yMin="-173"/><wx w="389" xMax="406" xMin="-32" yMax="862" yMin="0"/><wx w="278" xMax="238" xMin="2" yMax="462" yMin="-9"/><wx w="823" xMax="913" xMin="-32" yMax="669" yMin="-99"/><wx w="552" xMax="544" xMin="2" yMax="685" yMin="-207"/><wx w="500" xMax="554" xMin="-46" yMax="897" yMin="-99"/><wx w="278" xMax="314" xMin="-189" yMax="690" yMin="-207"/><wx w="667" xMax="702" xMin="-21" yMax="669" yMin="-359"/><wx w="500" xMax="483" xMin="-23" yMax="699" yMin="-359"/><wx w="600" xMax="689" xMin="6" yMax="470" yMin="0"/><wx w="611" xMax="590" xMin="-22" yMax="904" yMin="0"/><wx w="278" xMax="344" xMin="2" yMax="904" yMin="-9"/><wx w="611" xMax="590" xMin="-22" yMax="669" yMin="-359"/><wx w="278" xMax="290" xMin="-62" yMax="699" yMin="-359"/><wx w="611" xMax="667" xMin="-22" yMax="685" yMin="0"/><wx w="451" xMax="499" xMin="2" yMax="710" yMin="-9"/><wx w="611" xMax="590" xMin="-22" yMax="669" yMin="0"/><wx w="375" xMax="382" xMin="2" yMax="699" yMin="-9"/><wx w="611" xMax="590" xMin="-22" yMax="669" yMin="0"/><wx w="278" xMax="301" xMin="-13" yMax="699" yMin="-9"/><wx w="722" xMax="748" xMin="-27" yMax="904" yMin="-15"/><wx w="556" xMax="494" xMin="-6" yMax="697" yMin="-9"/><wx w="722" xMax="748" xMin="-27" yMax="669" yMin="-359"/><wx w="556" xMax="494" xMin="-6" yMax="462" yMin="-359"/><wx w="722" xMax="748" xMin="-27" yMax="897" yMin="-15"/><wx w="556" xMax="506" xMin="-6" yMax="690" yMin="-9"/><wx w="700" xMax="657" xMin="42" yMax="710" yMin="-9"/><wx w="722" xMax="685" xMin="-46" yMax="669" yMin="-203"/><wx w="543" xMax="474" xMin="-6" yMax="462" yMin="-207"/><wx w="722" xMax="691" xMin="27" yMax="793" yMin="-18"/><wx w="500" xMax="461" xMin="-3" yMax="586" yMin="-13"/><wx w="722" xMax="691" xMin="27" yMax="885" yMin="-18"/><wx w="500" xMax="488" xMin="-3" yMax="678" yMin="-13"/><wx w="722" xMax="700" xMin="27" yMax="904" yMin="-18"/><wx w="500" xMax="519" xMin="-3" yMax="697" yMin="-13"/><wx w="944" xMax="946" xMin="23" yMax="677" yMin="-8"/><wx w="722" xMax="674" xMin="6" yMax="462" yMin="-13"/><wx w="667" xMax="623" xMin="-28" yMax="904" yMin="0"/><wx w="389" xMax="389" xMin="-21" yMax="697" yMin="0"/><wx w="667" xMax="623" xMin="-28" yMax="669" yMin="-359"/><wx w="389" xMax="389" xMin="-102" yMax="462" yMin="-359"/><wx w="667" xMax="623" xMin="-28" yMax="897" yMin="0"/><wx w="389" xMax="411" xMin="-21" yMax="690" yMin="0"/><wx w="556" xMax="526" xMin="2" yMax="904" yMin="-18"/><wx w="389" xMax="379" xMin="-19" yMax="697" yMin="-13"/><wx w="556" xMax="526" xMin="2" yMax="897" yMin="-18"/><wx w="389" xMax="367" xMin="-19" yMax="690" yMin="-13"/><wx w="556" xMax="526" xMin="2" yMax="685" yMin="-218"/><wx w="389" xMax="333" xMin="-19" yMax="462" yMin="-218"/><wx w="556" xMax="526" xMin="2" yMax="897" yMin="-18"/><wx w="389" xMax="411" xMin="-19" yMax="690" yMin="-13"/><wx w="611" xMax="650" xMin="49" yMax="669" yMin="-218"/><wx w="278" xMax="289" xMin="-75" yMax="594" yMin="-218"/><wx w="611" xMax="650" xMin="49" yMax="897" yMin="0"/><wx w="411" xMax="499" xMin="-11" yMax="710" yMin="-9"/><wx w="611" xMax="650" xMin="49" yMax="669" yMin="0"/><wx w="278" xMax="281" xMin="-30" yMax="594" yMin="-9"/><wx w="722" xMax="744" xMin="67" yMax="841" yMin="-18"/><wx w="556" xMax="493" xMin="15" yMax="655" yMin="-9"/><wx w="722" xMax="744" xMin="67" yMax="793" yMin="-18"/><wx w="556" xMax="493" xMin="15" yMax="586" yMin="-9"/><wx w="722" xMax="744" xMin="67" yMax="885" yMin="-18"/><wx w="556" xMax="493" xMin="15" yMax="678" yMin="-9"/><wx w="722" xMax="744" xMin="67" yMax="921" yMin="-18"/><wx w="556" xMax="493" xMin="15" yMax="729" yMin="-9"/><wx w="722" xMax="744" xMin="67" yMax="889" yMin="-18"/><wx w="556" xMax="527" xMin="15" yMax="697" yMin="-9"/><wx w="722" xMax="744" xMin="67" yMax="669" yMin="-173"/><wx w="556" xMax="531" xMin="15" yMax="462" yMin="-173"/><wx w="889" xMax="940" xMin="64" yMax="897" yMin="-18"/><wx w="667" xMax="614" xMin="15" yMax="690" yMin="-13"/><wx w="611" xMax="659" xMin="71" yMax="897" yMin="0"/><wx w="444" xMax="393" xMin="-94" yMax="690" yMin="-205"/><wx w="611" xMax="659" xMin="71" yMax="862" yMin="0"/><wx w="611" xMax="589" xMin="-12" yMax="904" yMin="0"/><wx w="389" xMax="379" xMin="-43" yMax="697" yMin="-78"/><wx w="611" xMax="589" xMin="-12" yMax="862" yMin="0"/><wx w="389" xMax="368" xMin="-43" yMax="655" yMin="-78"/><wx w="611" xMax="589" xMin="-12" yMax="897" yMin="0"/><wx w="389" xMax="411" xMin="-43" yMax="690" yMin="-78"/><wx w="333" xMax="536" xMin="14" yMax="691" yMin="0"/><wx w="500" xMax="444" xMin="-14" yMax="699" yMin="-13"/><wx w="560" xMax="627" xMin="-5" yMax="576" yMin="-13"/><wx w="512" xMax="676" xMin="54" yMax="686" yMin="-4"/><wx w="500" xMax="537" xMin="-87" yMax="707" yMin="-156"/><wx w="735" xMax="692" xMin="-13" yMax="699" yMin="-10"/><wx w="500" xMax="483" xMin="-23" yMax="691" yMin="-8"/><wx w="278" xMax="290" xMin="2" yMax="699" yMin="-9"/><wx w="480" xMax="452" xMin="16" yMax="666" yMin="0"/><wx w="536" xMax="474" xMin="-6" yMax="462" yMin="-205"/><wx w="722" xMax="806" xMin="27" yMax="716" yMin="-18"/><wx w="537" xMax="595" xMin="24" yMax="507" yMin="-13"/><wx w="520" xMax="466" xMin="-100" yMax="673" yMin="-205"/><wx w="400" xMax="380" xMin="46" yMax="684" yMin="-233"/><wx w="286" xMax="289" xMin="-49" yMax="594" yMin="-218"/><wx w="360" xMax="450" xMin="-3" yMax="691" yMin="-9"/><wx w="775" xMax="893" xMin="67" yMax="803" yMin="-18"/><wx w="556" xMax="656" xMin="15" yMax="583" yMin="-9"/><wx w="496" xMax="458" xMin="-52" yMax="450" yMin="-237"/><wx w="500" xMax="469" xMin="-27" yMax="683" yMin="0"/><wx w="500" xMax="463" xMin="37" yMax="541" yMin="-10"/><wx w="208" xMax="278" xMin="14" yMax="740" yMin="0"/><wx w="345" xMax="415" xMin="14" yMax="740" yMin="0"/><wx w="368" xMax="438" xMin="14" yMax="740" yMin="0"/><wx w="300" xMax="355" xMin="45" yMax="684" yMin="-13"/><wx w="350" xMax="474" xMin="-104" yMax="690" yMin="-207"/><wx w="667" xMax="593" xMin="-68" yMax="972" yMin="0"/><wx w="500" xMax="456" xMin="-21" yMax="909" yMin="-14"/><wx w="944" xMax="918" xMin="-64" yMax="904" yMin="0"/><wx w="722" xMax="673" xMin="-5" yMax="697" yMin="-13"/><wx w="722" xMax="691" xMin="27" yMax="904" yMin="-125"/><wx w="500" xMax="441" xMin="-3" yMax="697" yMin="-119"/><wx w="278" xMax="239" xMin="-189" yMax="462" yMin="-207"/><wx w="512" xMax="492" xMin="13" yMax="473" yMin="-14"/><wx w="612" xMax="592" xMin="25" yMax="473" yMin="-14"/><wx w="612" xMax="592" xMin="25" yMax="473" yMin="-14"/><wx w="500" xMax="449" xMin="-14" yMax="691" yMin="-13"/><wx w="444" xMax="392" xMin="-5" yMax="462" yMin="-13"/><wx w="444" xMax="406" xMin="-5" yMax="462" yMin="-157"/><wx w="500" xMax="517" xMin="-21" yMax="699" yMin="-233"/><wx w="570" xMax="653" xMin="-21" yMax="683" yMin="-13"/><wx w="444" xMax="421" xMin="5" yMax="462" yMin="-13"/><wx w="444" xMax="398" xMin="5" yMax="462" yMin="-13"/><wx w="626" xMax="626" xMin="5" yMax="462" yMin="-13"/><wx w="444" xMax="482" xMin="5" yMax="475" yMin="-14"/><wx w="480" xMax="469" xMin="5" yMax="475" yMin="-14"/><wx w="689" xMax="689" xMin="5" yMax="475" yMin="-14"/><wx w="486" xMax="475" xMin="7" yMax="475" yMin="-14"/><wx w="367" xMax="364" xMin="-100" yMax="462" yMin="-207"/><wx w="720" xMax="751" xMin="-52" yMax="683" yMin="-245"/><wx w="549" xMax="520" xMin="-52" yMax="472" yMin="-245"/><wx w="561" xMax="544" xMin="21" yMax="462" yMin="-11"/><wx w="444" xMax="400" xMin="20" yMax="462" yMin="-234"/><wx w="493" xMax="488" xMin="10" yMax="450" yMin="-10"/><wx w="556" xMax="498" xMin="-13" yMax="459" yMin="-249"/><wx w="556" xMax="498" xMin="-13" yMax="683" yMin="-9"/><wx w="533" xMax="475" xMin="-13" yMax="683" yMin="-205"/><wx w="278" xMax="262" xMin="-10" yMax="684" yMin="-9"/><wx w="253" xMax="237" xMin="2" yMax="456" yMin="-8"/><wx w="304" xMax="321" xMin="-32" yMax="462" yMin="0"/><wx w="320" xMax="368" xMin="9" yMax="699" yMin="-9"/><wx w="445" xMax="417" xMin="17" yMax="699" yMin="-9"/><wx w="291" xMax="290" xMin="-47" yMax="699" yMin="-233"/><wx w="623" xMax="585" xMin="2" yMax="699" yMin="-236"/><wx w="778" xMax="723" xMin="-14" yMax="462" yMin="-9"/><wx w="778" xMax="723" xMin="-14" yMax="462" yMin="-233"/><wx w="759" xMax="704" xMin="-14" yMax="462" yMin="-233"/><wx w="694" xMax="632" xMin="-109" yMax="462" yMin="-233"/><wx w="505" xMax="486" xMin="-6" yMax="462" yMin="-233"/><wx w="588" xMax="614" xMin="-27" yMax="462" yMin="-12"/><wx w="500" xMax="441" xMin="-3" yMax="462" yMin="-13"/><wx w="749" xMax="751" xMin="23" yMax="462" yMin="-5"/><wx w="685" xMax="626" xMin="-3" yMax="477" yMin="-2"/><wx w="691" xMax="632" xMin="-3" yMax="685" yMin="-231"/><wx w="427" xMax="410" xMin="0" yMax="462" yMin="0"/><wx w="493" xMax="476" xMin="0" yMax="699" yMin="0"/><wx w="436" xMax="417" xMin="0" yMax="462" yMin="-233"/><wx w="389" xMax="389" xMin="-87" yMax="462" yMin="-233"/><wx w="389" xMax="389" xMin="-47" yMax="462" yMin="-233"/><wx w="360" xMax="417" xMin="-21" yMax="484" yMin="0"/><wx w="338" xMax="292" xMin="10" yMax="484" yMin="0"/><wx w="498" xMax="515" xMin="8" yMax="464" yMin="0"/><wx w="498" xMax="597" xMin="8" yMax="464" yMin="0"/><wx w="389" xMax="333" xMin="-32" yMax="462" yMin="-218"/><wx w="424" xMax="584" xMin="-104" yMax="683" yMin="-233"/><wx w="394" xMax="576" xMin="-90" yMax="683" yMin="-207"/><wx w="415" xMax="344" xMin="79" yMax="470" yMin="-233"/><wx w="521" xMax="641" xMin="-40" yMax="683" yMin="-243"/><wx w="310" xMax="299" xMin="7" yMax="513" yMin="-90"/><wx w="311" xMax="281" xMin="-60" yMax="594" yMin="-233"/><wx w="556" xMax="514" xMin="-16" yMax="462" yMin="-9"/><wx w="500" xMax="552" xMin="15" yMax="452" yMin="-8"/><wx w="534" xMax="492" xMin="18" yMax="462" yMin="-10"/><wx w="444" xMax="401" xMin="15" yMax="462" yMin="-13"/><wx w="667" xMax="614" xMin="15" yMax="462" yMin="-13"/><wx w="444" xMax="502" xMin="16" yMax="667" yMin="0"/><wx w="633" xMax="606" xMin="65" yMax="464" yMin="0"/><wx w="440" xMax="405" xMin="-24" yMax="449" yMin="-218"/><wx w="411" xMax="376" xMin="-24" yMax="449" yMin="-97"/><wx w="499" xMax="558" xMin="-10" yMax="450" yMin="-236"/><wx w="499" xMax="528" xMin="-10" yMax="450" yMin="-307"/><wx w="530" xMax="520" xMin="25" yMax="685" yMin="0"/><wx w="530" xMax="509" xMin="65" yMax="685" yMin="0"/><wx w="487" xMax="453" xMin="25" yMax="669" yMin="-14"/><wx w="479" xMax="544" xMin="20" yMax="462" yMin="-237"/><wx w="723" xMax="734" xMin="13" yMax="680" yMin="-17"/><wx w="493" xMax="486" xMin="-10" yMax="464" yMin="0"/><wx w="465" xMax="504" xMin="16" yMax="475" yMin="-14"/><wx w="580" xMax="690" xMin="29" yMax="538" yMin="-11"/><wx w="582" xMax="676" xMin="21" yMax="464" yMin="0"/><wx w="475" xMax="463" xMin="-50" yMax="685" yMin="-233"/><wx w="500" xMax="528" xMin="22" yMax="457" yMin="-250"/><wx w="485" xMax="468" xMin="10" yMax="464" yMin="0"/><wx w="488" xMax="674" xMin="1" yMax="582" yMin="-205"/><wx w="530" xMax="520" xMin="25" yMax="685" yMin="0"/><wx w="530" xMax="507" xMin="65" yMax="685" yMin="0"/><wx w="750" xMax="735" xMin="-21" yMax="699" yMin="-13"/><wx w="820" xMax="813" xMin="-21" yMax="699" yMin="-236"/><wx w="817" xMax="743" xMin="-21" yMax="699" yMin="-97"/><wx w="560" xMax="524" xMin="-3" yMax="594" yMin="-13"/><wx w="453" xMax="670" xMin="-30" yMax="683" yMin="-233"/><wx w="600" xMax="618" xMin="-3" yMax="594" yMin="-18"/><wx w="380" xMax="365" xMin="7" yMax="852" yMin="328"/><wx w="380" xMax="365" xMin="7" yMax="841" yMin="329"/><wx w="350" xMax="384" xMin="24" yMax="862" yMin="176"/><wx w="389" xMax="384" xMin="21" yMax="690" yMin="344"/><wx w="389" xMax="365" xMin="2" yMax="690" yMin="344"/><wx w="389" xMax="371" xMin="2" yMax="690" yMin="171"/><wx w="390" xMax="466" xMin="5" yMax="684" yMin="345"/><wx w="450" xMax="467" xMin="15" yMax="690" yMin="331"/><wx w="350" xMax="386" xMin="11" yMax="690" yMin="176"/><wx w="333" xMax="332" xMin="128" yMax="685" yMin="369"/><wx w="343" xMax="323" xMin="-3" yMax="690" yMin="240"/><wx w="326" xMax="364" xMin="20" yMax="690" yMin="240"/><wx w="333" xMax="367" xMin="40" yMax="690" yMin="516"/><wx w="333" xMax="411" xMin="79" yMax="690" yMin="516"/><wx w="333" xMax="387" xMin="71" yMax="678" yMin="516"/><wx w="333" xMax="293" xMin="163" yMax="655" yMin="525"/><wx w="333" xMax="340" xMin="127" yMax="754" yMin="541"/><wx w="333" xMax="189" xMin="-40" yMax="44" yMin="-173"/><wx w="333" xMax="407" xMin="48" yMax="655" yMin="536"/><wx w="333" xMax="498" xMin="69" yMax="697" yMin="516"/><wx w="379" xMax="423" xMin="14" yMax="684" yMin="190"/><wx w="222" xMax="217" xMin="2" yMax="857" yMin="329"/><wx w="280" xMax="274" xMin="8" yMax="690" yMin="331"/><wx w="389" xMax="387" xMin="3" yMax="690" yMin="335"/><wx w="328" xMax="364" xMin="9" yMax="849" yMin="329"/><wx w="314" xMax="309" xMin="5" yMax="70" yMin="-167"/><wx w="395" xMax="390" xMin="5" yMax="720" yMin="528"/><wx w="333" xMax="285" xMin="-74" yMax="-108" yMin="-227"/><wx w="300" xMax="319" xMin="140" yMax="680" yMin="516"/><wx w="380" xMax="440" xMin="27" yMax="680" yMin="516"/><wx w="667" xMax="593" xMin="-68" yMax="693" yMin="0"/><wx w="333" xMax="264" xMin="116" yMax="459" yMin="311"/><wx w="700" xMax="748" xMin="10" yMax="693" yMin="0"/><wx w="850" xMax="889" xMin="9" yMax="693" yMin="0"/><wx w="450" xMax="503" xMin="9" yMax="693" yMin="0"/><wx w="722" xMax="691" xMin="11" yMax="693" yMin="-18"/><wx w="700" xMax="855" xMin="8" yMax="693" yMin="0"/><wx w="808" xMax="774" xMin="25" yMax="693" yMin="0"/><wx w="278" xMax="419" xMin="6" yMax="680" yMin="-9"/><wx w="667" xMax="593" xMin="-68" yMax="683" yMin="0"/><wx w="667" xMax="624" xMin="-25" yMax="669" yMin="0"/><wx w="585" xMax="670" xMin="-13" yMax="669" yMin="0"/><wx w="667" xMax="549" xMin="-65" yMax="683" yMin="0"/><wx w="667" xMax="653" xMin="-27" yMax="669" yMin="0"/><wx w="611" xMax="589" xMin="-12" yMax="669" yMin="0"/><wx w="778" xMax="799" xMin="-24" yMax="669" yMin="0"/><wx w="718" xMax="691" xMin="27" yMax="685" yMin="-18"/><wx w="389" xMax="406" xMin="-32" yMax="669" yMin="0"/><wx w="667" xMax="702" xMin="-21" yMax="669" yMin="0"/><wx w="655" xMax="581" xMin="-68" yMax="683" yMin="0"/><wx w="889" xMax="917" xMin="-29" yMax="669" yMin="-12"/><wx w="722" xMax="748" xMin="-27" yMax="669" yMin="-15"/><wx w="746" xMax="740" xMin="25" yMax="669" yMin="0"/><wx w="722" xMax="691" xMin="27" yMax="685" yMin="-18"/><wx w="778" xMax="799" xMin="-24" yMax="669" yMin="0"/><wx w="611" xMax="613" xMin="-28" yMax="669" yMin="0"/><wx w="633" xMax="619" xMin="-11" yMax="669" yMin="0"/><wx w="611" xMax="650" xMin="49" yMax="669" yMin="0"/><wx w="611" xMax="697" xMin="21" yMax="685" yMin="0"/><wx w="771" xMax="763" xMin="26" yMax="669" yMin="0"/><wx w="667" xMax="694" xMin="-24" yMax="669" yMin="0"/><wx w="661" xMax="780" xMin="17" yMax="685" yMin="0"/><wx w="808" xMax="774" xMin="25" yMax="685" yMin="0"/><wx w="389" xMax="486" xMin="-32" yMax="905" yMin="0"/><wx w="611" xMax="697" xMin="21" yMax="905" yMin="0"/><wx w="576" xMax="574" xMin="-3" yMax="680" yMin="-13"/><wx w="454" xMax="408" xMin="-5" yMax="680" yMin="-13"/><wx w="488" xMax="474" xMin="-7" yMax="680" yMin="-205"/><wx w="278" xMax="286" xMin="2" yMax="680" yMin="-9"/><wx w="536" xMax="500" xMin="-7" yMax="680" yMin="-13"/><wx w="576" xMax="574" xMin="-3" yMax="462" yMin="-13"/><wx w="500" xMax="480" xMin="-79" yMax="698" yMin="-205"/><wx w="438" xMax="461" xMin="3" yMax="462" yMin="-204"/><wx w="496" xMax="456" xMin="-3" yMax="698" yMin="-13"/><wx w="454" xMax="408" xMin="-5" yMax="462" yMin="-13"/><wx w="415" xMax="473" xMin="-5" yMax="698" yMin="-205"/><wx w="488" xMax="474" xMin="-7" yMax="462" yMin="-205"/><wx w="501" xMax="488" xMin="-3" yMax="698" yMin="-13"/><wx w="278" xMax="238" xMin="2" yMax="462" yMin="-9"/><wx w="500" xMax="504" xMin="-23" yMax="462" yMin="-12"/><wx w="484" xMax="459" xMin="-34" yMax="698" yMin="-18"/><wx w="523" xMax="483" xMin="-82" yMax="449" yMin="-205"/><wx w="469" xMax="441" xMin="-23" yMax="462" yMin="-13"/><wx w="415" xMax="426" xMin="-5" yMax="698" yMin="-205"/><wx w="500" xMax="441" xMin="-3" yMax="462" yMin="-13"/><wx w="558" xMax="570" xMin="-6" yMax="449" yMin="-15"/><wx w="495" xMax="447" xMin="-81" yMax="462" yMin="-205"/><wx w="415" xMax="447" xMin="-5" yMax="462" yMin="-205"/><wx w="499" xMax="536" xMin="-3" yMax="449" yMin="-13"/><wx w="415" xMax="455" xMin="4" yMax="449" yMin="-9"/><wx w="536" xMax="477" xMin="-7" yMax="462" yMin="-13"/><wx w="678" xMax="619" xMin="-3" yMax="462" yMin="-205"/><wx w="404" xMax="515" xMin="-136" yMax="462" yMin="-205"/><wx w="652" xMax="715" xMin="-5" yMax="462" yMin="-205"/><wx w="735" xMax="676" xMin="-3" yMax="462" yMin="-13"/><wx w="278" xMax="351" xMin="2" yMax="655" yMin="-9"/><wx w="536" xMax="477" xMin="-7" yMax="655" yMin="-13"/><wx w="500" xMax="441" xMin="-3" yMax="680" yMin="-13"/><wx w="536" xMax="477" xMin="-7" yMax="680" yMin="-13"/><wx w="735" xMax="676" xMin="-3" yMax="680" yMin="-13"/><wx w="500" xMax="479" xMin="42" yMax="696" yMin="-12"/><wx w="582" xMax="589" xMin="8" yMax="698" yMin="-13"/><wx w="611" xMax="696" xMin="21" yMax="685" yMin="0"/><wx w="678" xMax="619" xMin="-3" yMax="699" yMin="-205"/><wx w="828" xMax="844" xMin="-2" yMax="449" yMin="-13"/><wx w="722" xMax="691" xMin="27" yMax="685" yMin="-200"/><wx w="500" xMax="441" xMin="-3" yMax="462" yMin="-205"/><wx w="669" xMax="665" xMin="32" yMax="685" yMin="-205"/><wx w="475" xMax="509" xMin="-5" yMax="492" yMin="-205"/><wx w="667" xMax="670" xMin="-13" yMax="669" yMin="0"/><wx w="525" xMax="507" xMin="32" yMax="450" yMin="-190"/><wx w="757" xMax="758" xMin="-7" yMax="793" yMin="-18"/><wx w="485" xMax="466" xMin="16" yMax="698" yMin="0"/><wx w="734" xMax="710" xMin="27" yMax="685" yMin="-205"/><wx w="530" xMax="467" xMin="47" yMax="639" yMin="-205"/><wx w="569" xMax="592" xMin="-50" yMax="462" yMin="-15"/><wx w="517" xMax="458" xMin="-12" yMax="462" yMin="-206"/><wx w="722" xMax="691" xMin="27" yMax="685" yMin="-18"/><wx w="466" xMax="429" xMin="-3" yMax="462" yMin="-13"/><wx w="486" xMax="427" xMin="-5" yMax="460" yMin="-15"/><wx w="667" xMax="645" xMin="-35" yMax="905" yMin="0"/><wx w="789" xMax="737" xMin="80" yMax="669" yMin="-205"/><wx w="604" xMax="658" xMin="-32" yMax="947" yMin="0"/><wx w="657" xMax="689" xMin="44" yMax="685" yMin="-18"/><wx w="556" xMax="502" xMin="-22" yMax="685" yMin="-18"/><wx w="389" xMax="406" xMin="-32" yMax="669" yMin="0"/><wx w="389" xMax="477" xMin="-35" yMax="905" yMin="0"/><wx w="500" xMax="562" xMin="-8" yMax="669" yMin="-99"/><wx w="954" xMax="896" xMin="-59" yMax="669" yMin="-18"/><wx w="982" xMax="924" xMin="-32" yMax="669" yMin="0"/><wx w="830" xMax="757" xMin="71" yMax="669" yMin="0"/><wx w="678" xMax="697" xMin="-35" yMax="947" yMin="0"/><wx w="666" xMax="712" xMin="99" yMax="951" yMin="-18"/><wx w="778" xMax="791" xMin="-33" yMax="669" yMin="-184"/><wx w="667" xMax="604" xMin="-57" yMax="683" yMin="0"/><wx w="635" xMax="629" xMin="-18" yMax="669" yMin="0"/><wx w="654" xMax="624" xMin="-25" yMax="669" yMin="0"/><wx w="604" xMax="658" xMin="-32" yMax="669" yMin="0"/><wx w="696" xMax="718" xMin="-115" yMax="669" yMin="-184"/><wx w="667" xMax="645" xMin="-35" yMax="669" yMin="0"/><wx w="927" xMax="969" xMin="-63" yMax="678" yMin="0"/><wx w="561" xMax="549" xMin="-10" yMax="686" yMin="-18"/><wx w="768" xMax="790" xMin="-33" yMax="669" yMin="0"/><wx w="768" xMax="790" xMin="-33" yMax="948" yMin="0"/><wx w="678" xMax="697" xMin="-35" yMax="678" yMin="0"/><wx w="742" xMax="764" xMin="-59" yMax="669" yMin="-18"/><wx w="890" xMax="912" xMin="-34" yMax="669" yMin="-12"/><wx w="769" xMax="791" xMin="-32" yMax="669" yMin="0"/><wx w="722" xMax="717" xMin="53" yMax="685" yMin="-18"/><wx w="767" xMax="789" xMin="-35" yMax="669" yMin="0"/><wx w="590" xMax="611" xMin="-30" yMax="669" yMin="0"/><wx w="667" xMax="710" xMin="65" yMax="685" yMin="-18"/><wx w="611" xMax="681" xMin="80" yMax="669" yMin="0"/><wx w="666" xMax="712" xMin="99" yMax="669" yMin="-18"/><wx w="833" xMax="816" xMin="72" yMax="669" yMin="0"/><wx w="607" xMax="657" xMin="-61" yMax="669" yMin="0"/><wx w="770" xMax="792" xMin="-32" yMax="669" yMin="-184"/><wx w="758" xMax="780" xMin="120" yMax="669" yMin="0"/><wx w="960" xMax="982" xMin="-33" yMax="669" yMin="0"/><wx w="960" xMax="982" xMin="-33" yMax="669" yMin="-184"/><wx w="780" xMax="722" xMin="107" yMax="669" yMin="0"/><wx w="985" xMax="1007" xMin="-19" yMax="669" yMin="0"/><wx w="636" xMax="578" xMin="-19" yMax="669" yMin="0"/><wx w="671" xMax="648" xMin="4" yMax="685" yMin="-18"/><wx w="905" xMax="871" xMin="-38" yMax="685" yMin="-18"/><wx w="710" xMax="732" xMin="-65" yMax="669" yMin="0"/><wx w="527" xMax="497" xMin="20" yMax="462" yMin="-14"/><wx w="499" xMax="570" xMin="32" yMax="685" yMin="-13"/><wx w="482" xMax="458" xMin="25" yMax="462" yMin="-13"/><wx w="368" xMax="371" xMin="-8" yMax="461" yMin="-14"/><wx w="496" xMax="466" xMin="22" yMax="695" yMin="-13"/><wx w="431" xMax="415" xMin="22" yMax="462" yMin="-13"/><wx w="898" xMax="890" xMin="-4" yMax="462" yMin="-13"/><wx w="400" xMax="378" xMin="-11" yMax="462" yMin="-13"/><wx w="542" xMax="512" xMin="34" yMax="462" yMin="-9"/><wx w="542" xMax="514" xMin="34" yMax="697" yMin="-9"/><wx w="522" xMax="527" xMin="12" yMax="461" yMin="-8"/><wx w="507" xMax="477" xMin="-48" yMax="462" yMin="-11"/><wx w="667" xMax="637" xMin="-48" yMax="449" yMin="-11"/><wx w="543" xMax="513" xMin="13" yMax="462" yMin="-9"/><wx w="500" xMax="468" xMin="24" yMax="462" yMin="-13"/><wx w="543" xMax="513" xMin="13" yMax="462" yMin="-9"/><wx w="497" xMax="470" xMin="-96" yMax="462" yMin="-205"/><wx w="435" xMax="423" xMin="26" yMax="462" yMin="-13"/><wx w="777" xMax="747" xMin="10" yMax="462" yMin="-9"/><wx w="447" xMax="422" xMin="-94" yMax="462" yMin="-205"/><wx w="750" xMax="717" xMin="28" yMax="699" yMin="-205"/><wx w="456" xMax="511" xMin="-38" yMax="462" yMin="-13"/><wx w="542" xMax="512" xMin="34" yMax="462" yMin="-179"/><wx w="531" xMax="501" xMin="48" yMax="462" yMin="-9"/><wx w="800" xMax="770" xMin="36" yMax="462" yMin="-9"/><wx w="800" xMax="770" xMin="36" yMax="462" yMin="-179"/><wx w="594" xMax="556" xMin="29" yMax="462" yMin="-13"/><wx w="754" xMax="724" xMin="43" yMax="462" yMin="-13"/><wx w="491" xMax="453" xMin="43" yMax="462" yMin="-13"/><wx w="444" xMax="405" xMin="-12" yMax="462" yMin="-13"/><wx w="740" xMax="710" xMin="12" yMax="462" yMin="-13"/><wx w="538" xMax="508" xMin="2" yMax="449" yMin="-11"/><wx w="434" xMax="487" xMin="22" yMax="655" yMin="-13"/><wx w="523" xMax="490" xMin="12" yMax="699" yMin="-205"/><wx w="368" xMax="456" xMin="-8" yMax="697" yMin="-14"/><wx w="415" xMax="450" xMin="22" yMax="462" yMin="-13"/><wx w="389" xMax="352" xMin="0" yMax="462" yMin="-13"/><wx w="278" xMax="280" xMin="20" yMax="684" yMin="-9"/><wx w="278" xMax="382" xMin="22" yMax="655" yMin="-9"/><wx w="278" xMax="307" xMin="-161" yMax="685" yMin="-207"/><wx w="694" xMax="656" xMin="-48" yMax="462" yMin="-13"/><wx w="733" xMax="695" xMin="12" yMax="462" yMin="-13"/><wx w="556" xMax="515" xMin="12" yMax="699" yMin="-9"/><wx w="522" xMax="527" xMin="12" yMax="697" yMin="-8"/><wx w="447" xMax="436" xMin="-94" yMax="697" yMin="-205"/><wx w="538" xMax="508" xMin="30" yMax="462" yMin="-179"/><wx w="761" xMax="707" xMin="62" yMax="669" yMin="0"/><wx w="569" xMax="531" xMin="20" yMax="699" yMin="-13"/><wx w="978" xMax="918" xMin="-22" yMax="669" yMin="0"/><wx w="844" xMax="825" xMin="-4" yMax="449" yMin="-13"/><wx w="722" xMax="717" xMin="53" yMax="685" yMin="-18"/><wx w="500" xMax="468" xMin="24" yMax="462" yMin="-13"/><wx w="667" xMax="750" xMin="66" yMax="678" yMin="-18"/><wx w="487" xMax="534" xMin="15" yMax="462" yMin="-13"/><wx w="539" xMax="641" xMin="-32" yMax="834" yMin="0"/><wx w="360" xMax="457" xMin="31" yMax="590" yMin="-9"/><wx w="889" xMax="940" xMin="64" yMax="904" yMin="-18"/><wx w="667" xMax="614" xMin="15" yMax="697" yMin="-13"/><wx w="889" xMax="940" xMin="64" yMax="904" yMin="-18"/><wx w="667" xMax="614" xMin="15" yMax="697" yMin="-13"/><wx w="889" xMax="940" xMin="64" yMax="862" yMin="-18"/><wx w="667" xMax="614" xMin="15" yMax="655" yMin="-13"/><wx w="611" xMax="659" xMin="71" yMax="904" yMin="0"/><wx w="444" xMax="392" xMin="-94" yMax="697" yMin="-205"/><wx w="333" xMax="273" xMin="-4" yMax="282" yMin="166"/><wx w="333" xMax="273" xMin="-4" yMax="282" yMin="166"/><wx w="500" xMax="477" xMin="-40" yMax="282" yMin="166"/><wx w="500" xMax="477" xMin="-40" yMax="269" yMin="178"/><wx w="1000" xMax="977" xMin="-40" yMax="269" yMin="178"/><wx w="333" xMax="332" xMin="128" yMax="685" yMin="369"/><wx w="333" xMax="302" xMin="98" yMax="685" yMin="369"/><wx w="333" xMax="199" xMin="-5" yMax="134" yMin="-182"/><wx w="333" xMax="302" xMin="128" yMax="685" yMin="369"/><wx w="500" xMax="513" xMin="53" yMax="685" yMin="369"/><wx w="500" xMax="513" xMin="53" yMax="685" yMin="369"/><wx w="500" xMax="403" xMin="-57" yMax="134" yMin="-182"/><wx w="500" xMax="513" xMin="92" yMax="685" yMin="369"/><wx w="500" xMax="494" xMin="91" yMax="685" yMin="-145"/><wx w="500" xMax="493" xMin="10" yMax="685" yMin="-139"/><wx w="560" xMax="490" xMin="70" yMax="462" yMin="42"/><wx w="1000" xMax="852" xMin="40" yMax="135" yMin="-13"/><wx w="1118" xMax="1068" xMin="80" yMax="706" yMin="-29"/><wx w="1480" xMax="1430" xMin="80" yMax="706" yMin="-29"/><wx w="333" xMax="303" xMin="32" yMax="415" yMin="32"/><wx w="333" xMax="281" xMin="10" yMax="415" yMin="32"/><wx w="500" xMax="500" xMin="0" yMax="838" yMin="766"/><wx w="183" xMax="345" xMin="-168" yMax="688" yMin="-12"/><wx w="668" xMax="661" xMin="-13" yMax="669" yMin="0"/><wx w="500" xMax="510" xMin="-32" yMax="683" yMin="-12"/><wx w="1229" xMax="1173" xMin="-28" yMax="669" yMin="-13"/><wx w="562" xMax="546" xMin="34" yMax="681" yMin="-17"/><wx w="0" xMax="256" xMin="-753" yMax="760" yMin="-254"/><wx w="713" xMax="704" xMin="35" yMax="685" yMin="-14"/><wx w="847" xMax="795" xMin="52" yMax="683" yMin="-14"/><wx w="819" xMax="771" xMin="27" yMax="462" yMin="-224"/><wx w="1171" xMax="1154" xMin="65" yMax="699" yMin="-21"/><wx w="773" xMax="808" xMin="21" yMax="669" yMin="0"/><wx w="997" xMax="977" xMin="47" yMax="699" yMin="-21"/><wx w="1036" xMax="1015" xMin="40" yMax="699" yMin="-21"/><wx w="500" xMax="632" xMin="43" yMax="699" yMin="-14"/><wx w="760" xMax="783" xMin="27" yMax="669" yMin="0"/><wx w="1055" xMax="1031" xMin="24" yMax="675" yMin="-15"/><wx w="497" xMax="715" xMin="18" yMax="669" yMin="0"/><wx w="754" xMax="734" xMin="35" yMax="685" yMin="-74"/><wx w="1048" xMax="973" xMin="55" yMax="699" yMin="-21"/><wx w="727" xMax="718" xMin="18" yMax="669" yMin="0"/><wx w="1000" xMax="977" xMin="24" yMax="676" yMin="271"/><wx w="807" xMax="837" xMin="23" yMax="669" yMin="0"/><wx w="1060" xMax="985" xMin="55" yMax="699" yMin="-21"/><wx w="726" xMax="648" xMin="35" yMax="462" yMin="-14"/><wx w="826" xMax="791" xMin="95" yMax="699" yMin="-21"/><wx w="1042" xMax="1025" xMin="65" yMax="699" yMin="-21"/><wx w="1300" xMax="1245" xMin="60" yMax="699" yMin="-21"/><wx w="848" xMax="780" xMin="35" yMax="462" yMin="-14"/><wx w="730" xMax="715" xMin="32" yMax="449" yMin="-13"/><wx w="796" xMax="821" xMin="35" yMax="669" yMin="0"/><wx w="748" xMax="733" xMin="18" yMax="669" yMin="0"/><wx w="633" xMax="698" xMin="45" yMax="699" yMin="-13"/><wx w="575" xMax="540" xMin="45" yMax="462" yMin="-13"/><wx w="379" xMax="413" xMin="40" yMax="669" yMin="0"/><wx w="421" xMax="455" xMin="-93" yMax="669" yMin="-205"/><wx w="559" xMax="559" xMin="44" yMax="686" yMin="-10"/><wx w="606" xMax="555" xMin="51" yMax="297" yMin="209"/><wx w="500" xMax="460" xMin="40" yMax="31" yMin="-120"/><wx w="695" xMax="695" xMin="0" yMax="690" yMin="-19"/><wx w="695" xMax="695" xMin="0" yMax="690" yMin="-19"/><wx w="695" xMax="695" xMin="0" yMax="690" yMin="-19"/><wx w="695" xMax="695" xMin="0" yMax="690" yMin="-19"/><wx w="695" xMax="695" xMin="0" yMax="690" yMin="-19"/><wx w="695" xMax="695" xMin="0" yMax="690" yMin="-19"/><wx w="695" xMax="695" xMin="0" yMax="690" yMin="-19"/><wx w="695" xMax="695" xMin="0" yMax="690" yMin="-19"/><wx w="695" xMax="695" xMin="0" yMax="690" yMin="-19"/><wx w="695" xMax="695" xMin="0" yMax="690" yMin="-19"/><wx w="695" xMax="695" xMin="0" yMax="690" yMin="-19"/><wx w="695" xMax="695" xMin="0" yMax="690" yMin="-19"/><wx w="695" xMax="695" xMin="0" yMax="690" yMin="-19"/><wx w="695" xMax="695" xMin="0" yMax="690" yMin="-19"/><wx w="695" xMax="695" xMin="0" yMax="690" yMin="-19"/><wx w="695" xMax="695" xMin="0" yMax="690" yMin="-19"/><wx w="695" xMax="695" xMin="0" yMax="690" yMin="-19"/><wx w="695" xMax="695" xMin="0" yMax="690" yMin="-19"/><wx w="695" xMax="695" xMin="0" yMax="690" yMin="-19"/><wx w="695" xMax="695" xMin="0" yMax="690" yMin="-19"/><wx w="695" xMax="695" xMin="0" yMax="690" yMin="-19"/><wx w="695" xMax="695" xMin="0" yMax="690" yMin="-19"/><wx w="695" xMax="695" xMin="0" yMax="690" yMin="-19"/><wx w="695" xMax="695" xMin="0" yMax="690" yMin="-19"/><wx w="695" xMax="695" xMin="0" yMax="690" yMin="-19"/><wx w="695" xMax="695" xMin="0" yMax="690" yMin="-19"/><wx w="695" xMax="695" xMin="0" yMax="690" yMin="-19"/><wx w="695" xMax="695" xMin="0" yMax="690" yMin="-19"/><wx w="695" xMax="695" xMin="0" yMax="690" yMin="-19"/><wx w="695" xMax="695" xMin="0" yMax="690" yMin="-19"/><wx w="695" xMax="695" xMin="0" yMax="690" yMin="-19"/><wx w="695" xMax="695" xMin="0" yMax="690" yMin="-19"/><wx w="695" xMax="695" xMin="0" yMax="690" yMin="-19"/><wx w="695" xMax="695" xMin="0" yMax="690" yMin="-19"/><wx w="695" xMax="695" xMin="0" yMax="690" yMin="-19"/><wx w="695" xMax="695" xMin="0" yMax="690" yMin="-19"/><wx w="695" xMax="695" xMin="0" yMax="690" yMin="-19"/><wx w="695" xMax="695" xMin="0" yMax="690" yMin="-19"/><wx w="695" xMax="695" xMin="0" yMax="690" yMin="-19"/><wx w="695" xMax="695" xMin="0" yMax="690" yMin="-19"/><wx w="695" xMax="695" xMin="0" yMax="690" yMin="-19"/><wx w="695" xMax="695" xMin="0" yMax="690" yMin="-19"/><wx w="695" xMax="695" xMin="0" yMax="690" yMin="-19"/><wx w="695" xMax="695" xMin="0" yMax="690" yMin="-19"/><wx w="695" xMax="695" xMin="0" yMax="690" yMin="-19"/><wx w="695" xMax="695" xMin="0" yMax="690" yMin="-19"/><wx w="695" xMax="695" xMin="0" yMax="690" yMin="-19"/><wx w="695" xMax="695" xMin="0" yMax="690" yMin="-19"/><wx w="695" xMax="695" xMin="0" yMax="690" yMin="-19"/><wx w="695" xMax="695" xMin="0" yMax="690" yMin="-19"/><wx w="695" xMax="695" xMin="0" yMax="690" yMin="-19"/><wx w="695" xMax="695" xMin="0" yMax="690" yMin="-19"/><wx w="695" xMax="695" xMin="0" yMax="690" yMin="-19"/><wx w="695" xMax="695" xMin="0" yMax="690" yMin="-19"/><wx w="695" xMax="695" xMin="0" yMax="690" yMin="-19"/><wx w="695" xMax="695" xMin="0" yMax="690" yMin="-19"/><wx w="695" xMax="695" xMin="0" yMax="690" yMin="-19"/><wx w="695" xMax="695" xMin="0" yMax="690" yMin="-19"/><wx w="695" xMax="695" xMin="0" yMax="690" yMin="-19"/><wx w="695" xMax="695" xMin="0" yMax="690" yMin="-19"/><wx w="695" xMax="695" xMin="0" yMax="690" yMin="-19"/><wx w="695" xMax="695" xMin="0" yMax="690" yMin="-19"/><wx w="708" xMax="719" xMin="-11" yMax="340" yMin="267"/><wx w="696" xMax="385" xMin="312" yMax="910" yMin="-303"/><wx w="708" xMax="720" xMin="318" yMax="340" yMin="-303"/><wx w="708" xMax="390" xMin="-11" yMax="340" yMin="-303"/><wx w="708" xMax="720" xMin="318" yMax="910" yMin="267"/><wx w="708" xMax="390" xMin="-11" yMax="910" yMin="267"/><wx w="708" xMax="720" xMin="318" yMax="910" yMin="-303"/><wx w="708" xMax="390" xMin="-11" yMax="910" yMin="-303"/><wx w="708" xMax="719" xMin="-11" yMax="340" yMin="-303"/><wx w="708" xMax="719" xMin="-11" yMax="910" yMin="267"/><wx w="708" xMax="719" xMin="-11" yMax="910" yMin="-303"/><wx w="708" xMax="719" xMin="-11" yMax="433" yMin="174"/><wx w="708" xMax="484" xMin="225" yMax="910" yMin="-303"/><wx w="708" xMax="720" xMin="318" yMax="433" yMin="-303"/><wx w="708" xMax="720" xMin="225" yMax="340" yMin="-303"/><wx w="708" xMax="719" xMin="225" yMax="433" yMin="-303"/><wx w="708" xMax="390" xMin="-11" yMax="433" yMin="-303"/><wx w="708" xMax="483" xMin="-11" yMax="340" yMin="-303"/><wx w="708" xMax="483" xMin="-11" yMax="433" yMin="-303"/><wx w="708" xMax="720" xMin="318" yMax="910" yMin="174"/><wx w="708" xMax="720" xMin="225" yMax="910" yMin="267"/><wx w="708" xMax="719" xMin="225" yMax="910" yMin="174"/><wx w="708" xMax="390" xMin="-11" yMax="910" yMin="174"/><wx w="708" xMax="483" xMin="-11" yMax="910" yMin="267"/><wx w="708" xMax="483" xMin="-11" yMax="910" yMin="174"/><wx w="708" xMax="720" xMin="318" yMax="910" yMin="-303"/><wx w="708" xMax="720" xMin="225" yMax="910" yMin="-303"/><wx w="708" xMax="720" xMin="225" yMax="910" yMin="-303"/><wx w="708" xMax="390" xMin="-11" yMax="910" yMin="-303"/><wx w="708" xMax="483" xMin="-11" yMax="910" yMin="-303"/><wx w="708" xMax="483" xMin="-11" yMax="910" yMin="-303"/><wx w="708" xMax="719" xMin="-11" yMax="433" yMin="-303"/><wx w="708" xMax="719" xMin="-11" yMax="340" yMin="-303"/><wx w="708" xMax="719" xMin="-11" yMax="433" yMin="-303"/><wx w="708" xMax="719" xMin="-11" yMax="910" yMin="174"/><wx w="708" xMax="719" xMin="-11" yMax="910" yMin="267"/><wx w="708" xMax="719" xMin="-11" yMax="910" yMin="174"/><wx w="708" xMax="719" xMin="-11" yMax="910" yMin="-303"/><wx w="708" xMax="719" xMin="-11" yMax="910" yMin="-303"/><wx w="708" xMax="719" xMin="-11" yMax="910" yMin="-303"/><wx w="613" xMax="726" xMin="-169" yMax="698" yMin="-205"/><wx w="556" xMax="514" xMin="-188" yMax="703" yMin="-205"/><wx w="556" xMax="553" xMin="-186" yMax="704" yMin="-205"/><wx w="856" xMax="814" xMin="-169" yMax="703" yMin="-205"/><wx w="854" xMax="851" xMin="-169" yMax="704" yMin="-205"/><wx w="759" xMax="724" xMin="39" yMax="685" yMin="0"/><wx w="726" xMax="715" xMin="42" yMax="669" yMin="0"/><wx w="701" xMax="745" xMin="55" yMax="685" yMin="-12"/><wx w="818" xMax="790" xMin="42" yMax="669" yMin="0"/><wx w="732" xMax="754" xMin="42" yMax="669" yMin="0"/><wx w="635" xMax="750" xMin="44" yMax="669" yMin="0"/><wx w="768" xMax="768" xMin="55" yMax="685" yMin="-12"/><wx w="891" xMax="946" xMin="42" yMax="669" yMin="0"/><wx w="502" xMax="557" xMin="42" yMax="669" yMin="0"/><wx w="558" xMax="646" xMin="66" yMax="669" yMin="-12"/><wx w="795" xMax="839" xMin="42" yMax="669" yMin="0"/><wx w="744" xMax="700" xMin="42" yMax="669" yMin="0"/><wx w="1016" xMax="1071" xMin="42" yMax="669" yMin="0"/><wx w="869" xMax="924" xMin="42" yMax="669" yMin="0"/><wx w="777" xMax="755" xMin="55" yMax="685" yMin="-16"/><wx w="612" xMax="733" xMin="42" yMax="669" yMin="0"/><wx w="810" xMax="755" xMin="55" yMax="685" yMin="-154"/><wx w="801" xMax="784" xMin="42" yMax="669" yMin="0"/><wx w="671" xMax="704" xMin="55" yMax="685" yMin="-10"/><wx w="568" xMax="700" xMin="28" yMax="669" yMin="0"/><wx w="733" xMax="810" xMin="72" yMax="669" yMin="-10"/><wx w="593" xMax="797" xMin="66" yMax="669" yMin="-15"/><wx w="925" xMax="1129" xMin="66" yMax="669" yMin="-17"/><wx w="808" xMax="830" xMin="28" yMax="669" yMin="0"/><wx w="549" xMax="725" xMin="39" yMax="669" yMin="0"/><wx w="797" xMax="830" xMin="66" yMax="669" yMin="0"/><wx w="581" xMax="548" xMin="44" yMax="462" yMin="-10"/><wx w="509" xMax="487" xMin="50" yMax="685" yMin="-8"/><wx w="477" xMax="460" xMin="44" yMax="462" yMin="-10"/><wx w="595" xMax="589" xMin="44" yMax="685" yMin="-14"/><wx w="498" xMax="459" xMin="44" yMax="462" yMin="-10"/><wx w="572" xMax="632" xMin="44" yMax="685" yMin="-207"/><wx w="527" xMax="527" xMin="22" yMax="462" yMin="-203"/><wx w="576" xMax="543" xMin="50" yMax="685" yMin="-10"/><wx w="357" xMax="300" xMin="55" yMax="620" yMin="-9"/><wx w="431" xMax="414" xMin="-18" yMax="620" yMin="-207"/><wx w="580" xMax="563" xMin="55" yMax="685" yMin="-11"/><wx w="346" xMax="310" xMin="50" yMax="685" yMin="-9"/><wx w="760" xMax="727" xMin="33" yMax="467" yMin="-9"/><wx w="559" xMax="526" xMin="33" yMax="467" yMin="-10"/><wx w="561" xMax="539" xMin="44" yMax="462" yMin="-10"/><wx w="571" xMax="554" xMin="-33" yMax="469" yMin="-205"/><wx w="526" xMax="532" xMin="44" yMax="462" yMin="-205"/><wx w="441" xMax="424" xMin="33" yMax="467" yMin="0"/><wx w="474" xMax="419" xMin="55" yMax="462" yMin="-11"/><wx w="351" xMax="318" xMin="44" yMax="592" yMin="-10"/><wx w="535" xMax="502" xMin="33" yMax="463" yMin="-10"/><wx w="554" xMax="539" xMin="52" yMax="473" yMin="-14"/><wx w="814" xMax="799" xMin="52" yMax="473" yMin="-14"/><wx w="587" xMax="543" xMin="33" yMax="462" yMin="-8"/><wx w="519" xMax="522" xMin="36" yMax="462" yMin="-205"/><wx w="531" xMax="499" xMin="35" yMax="462" yMin="-19"/><wx w="984" xMax="955" xMin="50" yMax="699" yMin="-21"/><wx w="1060" xMax="985" xMin="55" yMax="699" yMin="-21"/><wx w="912" xMax="877" xMin="60" yMax="699" yMin="-21"/><wx w="991" xMax="906" xMin="60" yMax="699" yMin="-21"/><wx w="826" xMax="791" xMin="95" yMax="699" yMin="-21"/><wx w="1042" xMax="1025" xMin="65" yMax="699" yMin="-21"/><wx w="834" xMax="799" xMin="82" yMax="699" yMin="-21"/><wx w="1171" xMax="1154" xMin="65" yMax="699" yMin="-21"/><wx w="997" xMax="977" xMin="47" yMax="699" yMin="-21"/><wx w="906" xMax="886" xMin="19" yMax="699" yMin="-224"/><wx w="1154" xMax="1130" xMin="45" yMax="699" yMin="-21"/><wx w="1036" xMax="1015" xMin="40" yMax="699" yMin="-21"/><wx w="1300" xMax="1245" xMin="60" yMax="699" yMin="-21"/><wx w="1095" xMax="1078" xMin="60" yMax="699" yMin="-21"/><wx w="809" xMax="749" xMin="72" yMax="699" yMin="-21"/><wx w="1025" xMax="994" xMin="55" yMax="699" yMin="-21"/><wx w="809" xMax="749" xMin="72" yMax="699" yMin="-52"/><wx w="1048" xMax="973" xMin="55" yMax="699" yMin="-21"/><wx w="816" xMax="781" xMin="81" yMax="699" yMin="-21"/><wx w="1030" xMax="1025" xMin="65" yMax="699" yMin="-21"/><wx w="964" xMax="904" xMin="60" yMax="699" yMin="-21"/><wx w="1040" xMax="1024" xMin="60" yMax="699" yMin="-21"/><wx w="1320" xMax="1306" xMin="60" yMax="699" yMin="-21"/><wx w="1033" xMax="1010" xMin="64" yMax="699" yMin="-21"/><wx w="989" xMax="963" xMin="60" yMax="699" yMin="-224"/><wx w="996" xMax="976" xMin="50" yMax="699" yMin="-21"/><wx w="942" xMax="865" xMin="35" yMax="462" yMin="-14"/><wx w="646" xMax="624" xMin="60" yMax="699" yMin="-14"/><wx w="764" xMax="683" xMin="35" yMax="462" yMin="-14"/><wx w="949" xMax="912" xMin="28" yMax="699" yMin="-14"/><wx w="726" xMax="648" xMin="35" yMax="462" yMin="-14"/><wx w="768" xMax="749" xMin="25" yMax="699" yMin="-205"/><wx w="819" xMax="771" xMin="27" yMax="462" yMin="-224"/><wx w="838" xMax="758" xMin="55" yMax="699" yMin="-14"/><wx w="558" xMax="534" xMin="40" yMax="698" yMin="-14"/><wx w="840" xMax="823" xMin="41" yMax="698" yMin="-224"/><wx w="810" xMax="730" xMin="55" yMax="699" yMin="-14"/><wx w="650" xMax="632" xMin="43" yMax="699" yMin="-14"/><wx w="1137" xMax="1057" xMin="45" yMax="462" yMin="-14"/><wx w="851" xMax="771" xMin="45" yMax="462" yMin="-14"/><wx w="848" xMax="780" xMin="35" yMax="462" yMin="-14"/><wx w="885" xMax="770" xMin="25" yMax="462" yMin="-205"/><wx w="913" xMax="833" xMin="35" yMax="462" yMin="-205"/><wx w="677" xMax="648" xMin="40" yMax="462" yMin="0"/><wx w="562" xMax="449" xMin="51" yMax="557" yMin="-14"/><wx w="618" xMax="612" xMin="47" yMax="669" yMin="-14"/><wx w="842" xMax="762" xMin="31" yMax="449" yMin="-14"/><wx w="732" xMax="670" xMin="40" yMax="458" yMin="-14"/><wx w="1012" xMax="950" xMin="40" yMax="458" yMin="-14"/><wx w="820" xMax="740" xMin="63" yMax="462" yMin="-14"/><wx w="784" xMax="711" xMin="40" yMax="449" yMin="-224"/><wx w="782" xMax="702" xMin="61" yMax="493" yMin="-14"/><wx w="690" xMax="665" xMin="25" yMax="690" yMin="0"/><wx w="636" xMax="691" xMin="80" yMax="676" yMin="0"/><wx w="723" xMax="797" xMin="119" yMax="691" yMin="-19"/><wx w="709" xMax="772" xMin="80" yMax="676" yMin="0"/><wx w="635" xMax="728" xMin="80" yMax="676" yMin="0"/><wx w="582" xMax="725" xMin="80" yMax="676" yMin="0"/><wx w="746" xMax="785" xMin="107" yMax="691" yMin="-19"/><wx w="715" xMax="803" xMin="80" yMax="676" yMin="0"/><wx w="440" xMax="534" xMin="79" yMax="676" yMin="0"/><wx w="481" xMax="574" xMin="15" yMax="676" yMin="-96"/><wx w="712" xMax="816" xMin="80" yMax="676" yMin="0"/><wx w="603" xMax="612" xMin="80" yMax="676" yMin="0"/><wx w="913" xMax="1001" xMin="80" yMax="676" yMin="0"/><wx w="724" xMax="812" xMin="80" yMax="676" yMin="-18"/><wx w="778" xMax="840" xMin="106" yMax="692" yMin="-18"/><wx w="581" xMax="695" xMin="80" yMax="676" yMin="0"/><wx w="779" xMax="839" xMin="105" yMax="691" yMin="-176"/><wx w="670" xMax="698" xMin="80" yMax="676" yMin="0"/><wx w="554" xMax="637" xMin="66" yMax="691" yMin="-19"/><wx w="641" xMax="785" xMin="157" yMax="676" yMin="0"/><wx w="699" xMax="792" xMin="123" yMax="676" yMin="-19"/><wx w="690" xMax="833" xMin="193" yMax="676" yMin="-18"/><wx w="997" xMax="1135" xMin="198" yMax="676" yMin="-15"/><wx w="740" xMax="853" xMin="40" yMax="676" yMin="0"/><wx w="694" xMax="842" xMin="188" yMax="676" yMin="0"/><wx w="653" xMax="769" xMin="25" yMax="676" yMin="0"/><wx w="489" xMax="507" xMin="48" yMax="473" yMin="-14"/><wx w="512" xMax="558" xMin="51" yMax="676" yMin="-13"/><wx w="462" xMax="524" xMin="71" yMax="473" yMin="-14"/><wx w="518" xMax="625" xMin="69" yMax="676" yMin="-14"/><wx w="452" xMax="492" xMin="71" yMax="473" yMin="-13"/><wx w="340" xMax="533" xMin="72" yMax="692" yMin="0"/><wx w="504" xMax="599" xMin="2" yMax="473" yMin="-206"/><wx w="510" xMax="542" xMin="55" yMax="676" yMin="0"/><wx w="245" xMax="366" xMin="59" yMax="688" yMin="0"/><wx w="324" xMax="440" xMin="-90" yMax="688" yMin="-202"/><wx w="519" xMax="599" xMin="55" yMax="676" yMin="0"/><wx w="235" xMax="348" xMin="55" yMax="676" yMin="0"/><wx w="776" xMax="809" xMin="55" yMax="473" yMin="0"/><wx w="510" xMax="542" xMin="55" yMax="473" yMin="0"/><wx w="501" xMax="542" xMin="72" yMax="473" yMin="-14"/><wx w="512" xMax="559" xMin="3" yMax="473" yMin="-205"/><wx w="512" xMax="574" xMin="69" yMax="473" yMin="-205"/><wx w="411" xMax="519" xMin="55" yMax="473" yMin="0"/><wx w="385" xMax="442" xMin="37" yMax="473" yMin="-13"/><wx w="386" xMax="447" xMin="98" yMax="631" yMin="-12"/><wx w="518" xMax="569" xMin="81" yMax="462" yMin="-15"/><wx w="462" xMax="561" xMin="129" yMax="462" yMin="-14"/><wx w="701" xMax="798" xMin="131" yMax="462" yMin="-14"/><wx w="506" xMax="582" xMin="20" yMax="462" yMin="0"/><wx w="472" xMax="569" xMin="-27" yMax="462" yMin="-204"/><wx w="441" xMax="530" xMin="21" yMax="462" yMin="0"/><wx w="759" xMax="724" xMin="39" yMax="685" yMin="0"/><wx w="726" xMax="715" xMin="42" yMax="669" yMin="0"/><wx w="634" xMax="749" xMin="42" yMax="669" yMin="0"/><wx w="632" xMax="589" xMin="32" yMax="685" yMin="0"/><wx w="732" xMax="754" xMin="42" yMax="669" yMin="0"/><wx w="797" xMax="830" xMin="66" yMax="669" yMin="0"/><wx w="891" xMax="946" xMin="42" yMax="669" yMin="0"/><wx w="783" xMax="755" xMin="55" yMax="685" yMin="-16"/><wx w="502" xMax="557" xMin="42" yMax="669" yMin="0"/><wx w="795" xMax="839" xMin="42" yMax="669" yMin="0"/><wx w="759" xMax="724" xMin="39" yMax="685" yMin="0"/><wx w="1016" xMax="1071" xMin="42" yMax="669" yMin="0"/><wx w="869" xMax="924" xMin="42" yMax="669" yMin="0"/><wx w="718" xMax="757" xMin="57" yMax="669" yMin="0"/><wx w="777" xMax="755" xMin="55" yMax="685" yMin="-16"/><wx w="887" xMax="942" xMin="39" yMax="669" yMin="0"/><wx w="612" xMax="733" xMin="42" yMax="669" yMin="0"/><wx w="783" xMax="755" xMin="55" yMax="685" yMin="-16"/><wx w="759" xMax="787" xMin="64" yMax="669" yMin="0"/><wx w="568" xMax="700" xMin="28" yMax="669" yMin="0"/><wx w="641" xMax="784" xMin="31" yMax="685" yMin="0"/><wx w="827" xMax="799" xMin="28" yMax="669" yMin="0"/><wx w="808" xMax="830" xMin="28" yMax="669" yMin="0"/><wx w="694" xMax="781" xMin="30" yMax="685" yMin="0"/><wx w="826" xMax="815" xMin="57" yMax="685" yMin="0"/><wx w="632" xMax="600" xMin="43" yMax="669" yMin="-16"/><wx w="624" xMax="630" xMin="44" yMax="461" yMin="-12"/><wx w="555" xMax="583" xMin="28" yMax="685" yMin="-205"/><wx w="490" xMax="503" xMin="44" yMax="462" yMin="-203"/><wx w="538" xMax="538" xMin="44" yMax="685" yMin="-8"/><wx w="495" xMax="451" xMin="28" yMax="462" yMin="-10"/><wx w="472" xMax="522" xMin="44" yMax="685" yMin="-203"/><wx w="517" xMax="511" xMin="33" yMax="462" yMin="-205"/><wx w="566" xMax="555" xMin="44" yMax="685" yMin="-11"/><wx w="318" xMax="274" xMin="55" yMax="462" yMin="-9"/><wx w="560" xMax="577" xMin="55" yMax="462" yMin="0"/><wx w="570" xMax="537" xMin="55" yMax="685" yMin="-16"/><wx w="636" xMax="603" xMin="33" yMax="449" yMin="-205"/><wx w="523" xMax="534" xMin="55" yMax="459" yMin="-10"/><wx w="476" xMax="487" xMin="28" yMax="685" yMin="-203"/><wx w="561" xMax="539" xMin="44" yMax="462" yMin="-10"/><wx w="579" xMax="590" xMin="39" yMax="449" yMin="-13"/><wx w="595" xMax="562" xMin="33" yMax="462" yMin="-205"/><wx w="480" xMax="508" xMin="39" yMax="462" yMin="-203"/><wx w="592" xMax="603" xMin="44" yMax="449" yMin="-10"/><wx w="469" xMax="502" xMin="33" yMax="449" yMin="-7"/><wx w="552" xMax="535" xMin="33" yMax="462" yMin="-10"/><wx w="706" xMax="667" xMin="55" yMax="462" yMin="-205"/><wx w="621" xMax="676" xMin="33" yMax="462" yMin="-204"/><wx w="701" xMax="756" xMin="33" yMax="462" yMin="-205"/><wx w="687" xMax="665" xMin="22" yMax="462" yMin="-10"/><wx w="559" xMax="559" xMin="44" yMax="686" yMin="-10"/><wx w="481" xMax="481" xMin="44" yMax="461" yMin="-10"/><wx w="607" xMax="584" xMin="33" yMax="698" yMin="-13"/><wx w="607" xMax="630" xMin="-12" yMax="462" yMin="-15"/><wx w="683" xMax="655" xMin="44" yMax="685" yMin="-205"/><wx w="585" xMax="563" xMin="44" yMax="462" yMin="-205"/><wx w="868" xMax="879" xMin="33" yMax="449" yMin="-10"/><wx w="690" xMax="665" xMin="25" yMax="690" yMin="0"/><wx w="706" xMax="671" xMin="60" yMax="676" yMin="0"/><wx w="602" xMax="705" xMin="60" yMax="676" yMin="0"/><wx w="720" xMax="680" xMin="40" yMax="690" yMin="0"/><wx w="683" xMax="708" xMin="60" yMax="676" yMin="0"/><wx w="707" xMax="769" xMin="25" yMax="676" yMin="0"/><wx w="748" xMax="783" xMin="60" yMax="676" yMin="0"/><wx w="847" xMax="822" xMin="90" yMax="691" yMin="-19"/><wx w="435" xMax="505" xMin="50" yMax="676" yMin="0"/><wx w="712" xMax="796" xMin="60" yMax="676" yMin="0"/><wx w="686" xMax="646" xMin="20" yMax="690" yMin="0"/><wx w="933" xMax="981" xMin="60" yMax="676" yMin="0"/><wx w="744" xMax="792" xMin="60" yMax="676" yMin="-18"/><wx w="690" xMax="737" xMin="47" yMax="676" yMin="0"/><wx w="849" xMax="824" xMin="90" yMax="692" yMin="-18"/><wx w="745" xMax="783" xMin="60" yMax="676" yMin="0"/><wx w="581" xMax="675" xMin="60" yMax="676" yMin="0"/><wx w="847" xMax="822" xMin="90" yMax="691" yMin="-19"/><wx w="696" xMax="748" xMin="21" yMax="676" yMin="0"/><wx w="641" xMax="715" xMin="87" yMax="676" yMin="0"/><wx w="671" xMax="799" xMin="91" yMax="691" yMin="0"/><wx w="835" xMax="835" xMin="72" yMax="676" yMin="0"/><wx w="740" xMax="833" xMin="20" yMax="676" yMin="0"/><wx w="791" xMax="901" xMin="125" yMax="691" yMin="0"/><wx w="816" xMax="816" xMin="47" yMax="691" yMin="0"/><wx w="780" xMax="760" xMin="120" yMax="664" yMin="-30"/><wx w="678" xMax="703" xMin="47" yMax="473" yMin="-14"/><wx w="552" xMax="581" xMin="-12" yMax="692" yMin="-205"/><wx w="525" xMax="571" xMin="84" yMax="473" yMin="-204"/><wx w="507" xMax="547" xMin="30" yMax="692" yMin="-14"/><wx w="504" xMax="508" xMin="45" yMax="473" yMin="-14"/><wx w="480" xMax="539" xMin="49" yMax="692" yMin="-205"/><wx w="532" xMax="525" xMin="38" yMax="473" yMin="-205"/><wx w="560" xMax="553" xMin="65" yMax="692" yMin="-14"/><wx w="325" xMax="302" xMin="56" yMax="462" yMin="-14"/><wx w="537" xMax="582" xMin="38" yMax="473" yMin="0"/><wx w="574" xMax="540" xMin="18" yMax="692" yMin="-14"/><wx w="594" xMax="569" xMin="-12" yMax="462" yMin="-205"/><wx w="525" xMax="565" xMin="41" yMax="473" yMin="-14"/><wx w="481" xMax="525" xMin="43" yMax="692" yMin="-205"/><wx w="543" xMax="515" xMin="45" yMax="473" yMin="-14"/><wx w="632" xMax="656" xMin="45" yMax="462" yMin="-14"/><wx w="560" xMax="536" xMin="-33" yMax="473" yMin="-205"/><wx w="517" xMax="554" xMin="52" yMax="473" yMin="-205"/><wx w="614" xMax="639" xMin="45" yMax="462" yMin="-14"/><wx w="523" xMax="547" xMin="42" yMax="462" yMin="-14"/><wx w="550" xMax="526" xMin="61" yMax="473" yMin="-14"/><wx w="683" xMax="659" xMin="55" yMax="473" yMin="-205"/><wx w="575" xMax="626" xMin="-80" yMax="473" yMin="-205"/><wx w="703" xMax="751" xMin="75" yMax="473" yMin="-205"/><wx w="756" xMax="732" xMin="64" yMax="461" yMin="-14"/><wx w="548" xMax="539" xMin="45" yMax="691" yMin="-14"/><wx w="468" xMax="470" xMin="45" yMax="473" yMin="-14"/><wx w="579" xMax="579" xMin="54" yMax="692" yMin="-14"/><wx w="646" xMax="665" xMin="-10" yMax="473" yMin="-10"/><wx w="678" xMax="654" xMin="48" yMax="692" yMin="-205"/><wx w="544" xMax="520" xMin="38" yMax="473" yMin="-205"/><wx w="889" xMax="912" xMin="40" yMax="462" yMin="-14"/><wx w="556" xMax="517" xMin="-188" yMax="703" yMin="-205"/></cid-widths></multibyte-extras></font-metrics>