<?xml version="1.0" encoding="UTF-8"?><font-metrics metrics-version="2" type="TYPE0"><font-name>STIXSizeThreeSym-Regular</font-name><full-name>STIXSizeThreeSym-Regular</full-name><family-name>STIXSizeThreeSym</family-name><embed/><cap-height>0</cap-height><x-height>0</x-height><ascender>750</ascender><descender>-250</descender><bbox><left>-2000</left><bottom>-510</bottom><right>2312</right><top>2565</top></bbox><flags>33</flags><stemv>0</stemv><italicangle>0</italicangle><subtype>TYPE0</subtype><multibyte-extras><cid-type>CIDFontType2</cid-type><default-width>0</default-width><bfranges><bf gi="3" ue="32" us="32"/><bf gi="4" ue="41" us="40"/><bf gi="6" ue="47" us="47"/><bf gi="7" ue="93" us="91"/><bf gi="10" ue="95" us="95"/><bf gi="11" ue="123" us="123"/><bf gi="12" ue="125" us="125"/><bf gi="13" ue="160" us="160"/><bf gi="14" ue="711" us="710"/><bf gi="16" ue="732" us="732"/><bf gi="17" ue="759" us="759"/><bf gi="18" ue="771" us="770"/><bf gi="20" ue="773" us="773"/><bf gi="21" ue="780" us="780"/><bf gi="22" ue="816" us="816"/><bf gi="23" ue="818" us="818"/><bf gi="24" ue="824" us="824"/><bf gi="25" ue="8254" us="8254"/><bf gi="26" ue="8401" us="8400"/><bf gi="28" ue="8407" us="8406"/><bf gi="30" ue="8431" us="8428"/><bf gi="34" ue="8732" us="8730"/><bf gi="37" ue="8971" us="8968"/><bf gi="41" ue="9141" us="9140"/><bf gi="43" ue="9185" us="9180"/><bf gi="49" ue="10099" us="10098"/><bf gi="51" ue="10219" us="10214"/><bf gi="57" ue="10630" us="10627"/><bf gi="0" ue="65535" us="65535"/></bfranges><cid-widths start-index="0"><wx w="250" xMax="0" xMin="0" yMax="0" yMin="0"/><wx w="0" xMax="0" xMin="0" yMax="0" yMin="0"/><wx w="333" xMax="0" xMin="0" yMax="0" yMin="0"/><wx w="250" xMax="0" xMin="0" yMax="0" yMin="0"/><wx w="750" xMax="667" xMin="182" yMax="2066" yMin="-394"/><wx w="750" xMax="568" xMin="83" yMax="2066" yMin="-394"/><wx w="1101" xMax="1071" xMin="30" yMax="2066" yMin="-394"/><wx w="508" xMax="491" xMin="225" yMax="2066" yMin="-394"/><wx w="1101" xMax="1071" xMin="30" yMax="2066" yMin="-394"/><wx w="508" xMax="283" xMin="17" yMax="2066" yMin="-394"/><wx w="2000" xMax="2000" xMin="0" yMax="-127" yMin="-177"/><wx w="906" xMax="717" xMin="143" yMax="2066" yMin="-394"/><wx w="906" xMax="763" xMin="189" yMax="2066" yMin="-394"/><wx w="250" xMax="0" xMin="0" yMax="0" yMin="0"/><wx w="1460" xMax="1460" xMin="0" yMax="777" yMin="564"/><wx w="1460" xMax="1460" xMin="0" yMax="777" yMin="564"/><wx w="1458" xMax="1458" xMin="-2" yMax="774" yMin="608"/><wx w="1458" xMax="1458" xMin="-2" yMax="-117" yMin="-283"/><wx w="0" xMax="-150" xMin="-1610" yMax="777" yMin="564"/><wx w="0" xMax="-152" xMin="-1612" yMax="774" yMin="608"/><wx w="0" xMax="0" xMin="-2000" yMax="820" yMin="770"/><wx w="0" xMax="-150" xMin="-1610" yMax="777" yMin="564"/><wx w="0" xMax="-152" xMin="-1612" yMax="-117" yMin="-283"/><wx w="0" xMax="0" xMin="-2000" yMax="-127" yMin="-177"/><wx w="0" xMax="-132" xMin="-543" yMax="662" yMin="-156"/><wx w="2000" xMax="2000" xMin="0" yMax="820" yMin="770"/><wx w="0" xMax="-29" xMin="-1773" yMax="749" yMin="584"/><wx w="0" xMax="-29" xMin="-1773" yMax="749" yMin="584"/><wx w="0" xMax="-29" xMin="-1773" yMax="735" yMin="482"/><wx w="0" xMax="-29" xMin="-1773" yMax="735" yMin="482"/><wx w="0" xMax="-29" xMin="-1773" yMax="-123" yMin="-288"/><wx w="0" xMax="-29" xMin="-1773" yMax="-123" yMin="-288"/><wx w="0" xMax="-29" xMin="-1773" yMax="-26" yMin="-279"/><wx w="0" xMax="-29" xMin="-1773" yMax="-26" yMin="-279"/><wx w="1076" xMax="1110" xMin="112" yMax="2565" yMin="-510"/><wx w="1076" xMax="1110" xMin="112" yMax="2565" yMin="-510"/><wx w="1076" xMax="1110" xMin="112" yMax="2565" yMin="-510"/><wx w="565" xMax="550" xMin="225" yMax="2066" yMin="-394"/><wx w="565" xMax="340" xMin="15" yMax="2066" yMin="-394"/><wx w="565" xMax="550" xMin="225" yMax="2066" yMin="-394"/><wx w="565" xMax="340" xMin="15" yMax="2066" yMin="-394"/><wx w="2147" xMax="2069" xMin="78" yMax="766" yMin="544"/><wx w="2147" xMax="2069" xMin="78" yMax="139" yMin="-83"/><wx w="1886" xMax="1886" xMin="0" yMax="70" yMin="-161"/><wx w="1886" xMax="1886" xMin="0" yMax="803" yMin="572"/><wx w="1886" xMax="1886" xMin="0" yMax="157" yMin="-86"/><wx w="1886" xMax="1886" xMin="0" yMax="815" yMin="572"/><wx w="2312" xMax="2312" xMin="0" yMax="66" yMin="-212"/><wx w="2312" xMax="2312" xMin="0" yMax="842" yMin="564"/><wx w="842" xMax="790" xMin="265" yMax="2066" yMin="-393"/><wx w="842" xMax="577" xMin="52" yMax="2066" yMin="-393"/><wx w="647" xMax="597" xMin="225" yMax="2066" yMin="-394"/><wx w="647" xMax="422" xMin="50" yMax="2066" yMin="-394"/><wx w="765" xMax="670" xMin="96" yMax="2066" yMin="-394"/><wx w="765" xMax="669" xMin="95" yMax="2066" yMin="-394"/><wx w="1091" xMax="955" xMin="104" yMax="2067" yMin="-394"/><wx w="1091" xMax="987" xMin="136" yMax="2067" yMin="-394"/><wx w="1031" xMax="867" xMin="143" yMax="2066" yMin="-394"/><wx w="1031" xMax="888" xMin="164" yMax="2066" yMin="-394"/><wx w="1029" xMax="914" xMin="180" yMax="2066" yMin="-393"/><wx w="1029" xMax="849" xMin="115" yMax="2066" yMin="-393"/></cid-widths></multibyte-extras></font-metrics>