<?xml version="1.0" encoding="UTF-8"?><font-metrics metrics-version="2" type="TYPE0"><font-name>STIXSizeTwoSym-Regular</font-name><full-name>STIXSizeTwoSym-Regular</full-name><family-name>STIXSizeTwoSym</family-name><embed/><cap-height>0</cap-height><x-height>0</x-height><ascender>750</ascender><descender>-250</descender><bbox><left>-1500</left><bottom>-404</bottom><right>1886</right><top>2056</top></bbox><flags>33</flags><stemv>0</stemv><italicangle>0</italicangle><subtype>TYPE0</subtype><multibyte-extras><cid-type>CIDFontType2</cid-type><default-width>0</default-width><bfranges><bf gi="3" ue="32" us="32"/><bf gi="4" ue="41" us="40"/><bf gi="6" ue="47" us="47"/><bf gi="7" ue="93" us="91"/><bf gi="10" ue="95" us="95"/><bf gi="11" ue="123" us="123"/><bf gi="12" ue="125" us="125"/><bf gi="13" ue="160" us="160"/><bf gi="14" ue="711" us="710"/><bf gi="16" ue="732" us="732"/><bf gi="17" ue="759" us="759"/><bf gi="18" ue="771" us="770"/><bf gi="20" ue="773" us="773"/><bf gi="21" ue="780" us="780"/><bf gi="22" ue="816" us="816"/><bf gi="23" ue="818" us="818"/><bf gi="24" ue="824" us="824"/><bf gi="25" ue="8254" us="8254"/><bf gi="26" ue="8401" us="8400"/><bf gi="28" ue="8407" us="8406"/><bf gi="30" ue="8431" us="8428"/><bf gi="34" ue="8732" us="8730"/><bf gi="37" ue="8971" us="8968"/><bf gi="41" ue="9141" us="9140"/><bf gi="43" ue="9185" us="9180"/><bf gi="49" ue="10099" us="10098"/><bf gi="51" ue="10219" us="10214"/><bf gi="57" ue="10630" us="10627"/><bf gi="61" ue="11004" us="11004"/><bf gi="62" ue="11007" us="11007"/><bf gi="0" ue="65535" us="65535"/></bfranges><cid-widths start-index="0"><wx w="250" xMax="0" xMin="0" yMax="0" yMin="0"/><wx w="0" xMax="0" xMin="0" yMax="0" yMin="0"/><wx w="333" xMax="0" xMin="0" yMax="0" yMin="0"/><wx w="250" xMax="0" xMin="0" yMax="0" yMin="0"/><wx w="589" xMax="503" xMin="139" yMax="1566" yMin="-279"/><wx w="608" xMax="478" xMin="114" yMax="1566" yMin="-279"/><wx w="806" xMax="781" xMin="25" yMax="1566" yMin="-279"/><wx w="459" xMax="422" xMin="190" yMax="1566" yMin="-279"/><wx w="806" xMax="781" xMin="25" yMax="1566" yMin="-279"/><wx w="459" xMax="269" xMin="37" yMax="1566" yMin="-279"/><wx w="1500" xMax="1500" xMin="0" yMax="-127" yMin="-177"/><wx w="717" xMax="531" xMin="124" yMax="1566" yMin="-279"/><wx w="717" xMax="593" xMin="186" yMax="1566" yMin="-279"/><wx w="250" xMax="0" xMin="0" yMax="0" yMin="0"/><wx w="979" xMax="979" xMin="0" yMax="777" yMin="564"/><wx w="979" xMax="979" xMin="0" yMax="777" yMin="564"/><wx w="977" xMax="977" xMin="-2" yMax="760" yMin="608"/><wx w="977" xMax="977" xMin="-2" yMax="-117" yMin="-269"/><wx w="0" xMax="-171" xMin="-1150" yMax="777" yMin="564"/><wx w="0" xMax="-173" xMin="-1152" yMax="760" yMin="608"/><wx w="0" xMax="0" xMin="-1500" yMax="820" yMin="770"/><wx w="0" xMax="-171" xMin="-1150" yMax="777" yMin="564"/><wx w="0" xMax="-173" xMin="-1152" yMax="-117" yMin="-269"/><wx w="0" xMax="0" xMin="-1500" yMax="-127" yMin="-177"/><wx w="0" xMax="-6" xMin="-720" yMax="662" yMin="0"/><wx w="1500" xMax="1500" xMin="0" yMax="820" yMin="770"/><wx w="0" xMax="-15" xMin="-1323" yMax="749" yMin="584"/><wx w="0" xMax="-15" xMin="-1323" yMax="749" yMin="584"/><wx w="0" xMax="-15" xMin="-1323" yMax="735" yMin="482"/><wx w="0" xMax="-15" xMin="-1323" yMax="735" yMin="482"/><wx w="0" xMax="-15" xMin="-1323" yMax="-123" yMin="-288"/><wx w="0" xMax="-15" xMin="-1323" yMax="-123" yMin="-288"/><wx w="0" xMax="-15" xMin="-1323" yMax="-26" yMin="-279"/><wx w="0" xMax="-15" xMin="-1323" yMax="-26" yMin="-279"/><wx w="1124" xMax="1157" xMin="110" yMax="2056" yMin="-404"/><wx w="1124" xMax="1157" xMin="110" yMax="2056" yMin="-404"/><wx w="1124" xMax="1157" xMin="110" yMax="2056" yMin="-404"/><wx w="524" xMax="479" xMin="190" yMax="1566" yMin="-279"/><wx w="526" xMax="336" xMin="47" yMax="1566" yMin="-279"/><wx w="524" xMax="479" xMin="190" yMax="1566" yMin="-279"/><wx w="526" xMax="336" xMin="47" yMax="1566" yMin="-279"/><wx w="1606" xMax="1532" xMin="74" yMax="766" yMin="544"/><wx w="1606" xMax="1532" xMin="74" yMax="139" yMin="-83"/><wx w="1460" xMax="1460" xMin="0" yMax="66" yMin="-147"/><wx w="1460" xMax="1460" xMin="0" yMax="785" yMin="572"/><wx w="1460" xMax="1460" xMin="0" yMax="143" yMin="-81"/><wx w="1460" xMax="1460" xMin="0" yMax="797" yMin="573"/><wx w="1886" xMax="1886" xMin="0" yMax="66" yMin="-212"/><wx w="1886" xMax="1886" xMin="0" yMax="842" yMin="564"/><wx w="688" xMax="651" xMin="230" yMax="1566" yMin="-279"/><wx w="688" xMax="458" xMin="37" yMax="1566" yMin="-279"/><wx w="555" xMax="517" xMin="190" yMax="1566" yMin="-279"/><wx w="555" xMax="365" xMin="38" yMax="1566" yMin="-279"/><wx w="622" xMax="531" xMin="95" yMax="1566" yMin="-279"/><wx w="622" xMax="527" xMin="91" yMax="1566" yMin="-279"/><wx w="901" xMax="793" xMin="93" yMax="1566" yMin="-279"/><wx w="901" xMax="808" xMin="108" yMax="1566" yMin="-279"/><wx w="827" xMax="692" xMin="122" yMax="1566" yMin="-279"/><wx w="827" xMax="705" xMin="135" yMax="1565" yMin="-280"/><wx w="793" xMax="693" xMin="155" yMax="1566" yMin="-282"/><wx w="793" xMax="638" xMin="100" yMax="1566" yMin="-282"/><wx w="906" xMax="773" xMin="133" yMax="1586" yMin="-289"/><wx w="636" xMax="503" xMin="133" yMax="1586" yMin="-289"/></cid-widths></multibyte-extras></font-metrics>