<?xml version="1.0" encoding="UTF-8"?>
<!-- two empty lines -->
<!-- two empty lines -->
<math xmlns="http://www.w3.org/1998/Math/MathML">
  <mstyle displaystyle="true">
    <mrow>
      <mo stretchy="false">&#x2016;</mo>
      <mi>A</mi>
      <mi mathvariant="bold">p</mi>
      <msup>
        <mrow>
          <mo stretchy="false">&#x2016;</mo>
        </mrow>
        <mrow>
          <mn>2</mn>
        </mrow>
      </msup>
      <mo>=</mo>
      <mrow>
        <munder>
          <mo>&#x2211;</mo>
          <mrow>
            <mi>i</mi>
          </mrow>
        </munder>
      </mrow>
      <msubsup>
        <mrow>
          <mi mathvariant="normal">d</mi>
        </mrow>
        <mrow>
          <mi>alg</mi>
        </mrow>
        <mrow>
          <mn>2</mn>
        </mrow>
      </msubsup>
      <mo stretchy="false">(</mo>
      <msub>
        <mrow>
          <mi mathvariant="bold">x</mi>
        </mrow>
        <mrow>
          <mi>i</mi>
        </mrow>
      </msub>
      <mo>,</mo>
      <mi>P</mi>
      <msub>
        <mrow>
          <mi mathvariant="bold">X</mi>
        </mrow>
        <mrow>
          <mi>i</mi>
        </mrow>
      </msub>
      <mo stretchy="false">)</mo>
      <mo>=</mo>
      <mrow>
        <munder>
          <mo>&#x2211;</mo>
          <mrow>
            <mi>i</mi>
          </mrow>
        </munder>
      </mrow>
      <mo stretchy="false">&#x2016;</mo>
      <msub>
        <mrow>
          <mi mathvariant="bold">x</mi>
        </mrow>
        <mrow>
          <mi>i</mi>
        </mrow>
      </msub>

      <mo>&#xD7;</mo>

      <mi>P</mi>
      <msub>
        <mrow>
          <mi mathvariant="bold">X</mi>
        </mrow>
        <mrow>
          <mi>i</mi>
        </mrow>
      </msub>
      <msup>
        <mrow>
          <mo stretchy="false">&#x2016;</mo>
        </mrow>
        <mrow>
          <mn>2</mn>
        </mrow>
      </msup>
    </mrow>
  </mstyle>
</math>