<?xml version="1.0" encoding="UTF-8"?>
<math xmlns="http://www.w3.org/1998/Math/MathML">
  <mrow>
    <msup>
      <mi>x</mi>
      <mn>2</mn>
    </msup>
    <mo>+</mo>
    <mfrac>
      <mi>b</mi>
      <mi>a</mi>
    </mfrac>
    <mo>&#x2062;</mo>
    <mi>x</mi>
    <mo>+</mo>
    <msup>
      <mrow>
	<mo>(</mo>
	<mfrac>
	  <mi>b</mi>
	  <mrow>
	    <mn>2</mn>
	    <mo>&#x2062;</mo>
	    <mi>a</mi>
	  </mrow>
	</mfrac>
	<mo>)</mo>
      </mrow>
      <mn>2</mn>
    </msup>
    <mo>=</mo>
    <mo>&#x2212;</mo>
    <mfrac>
      <mi>c</mi>
      <mi>a</mi>
    </mfrac>
    <mo>+</mo>
    <msup>
      <mrow>
	<mo>(</mo>
	<mfrac>
	  <mi>b</mi>
	  <mrow>
	    <mn>2</mn>
	    <mo>&#x2062;</mo>
	    <mi>a</mi>
	  </mrow>
	</mfrac>
	<mo>)</mo>
      </mrow>
      <mn>2</mn>
    </msup>
  </mrow>
</math>
