<?xml version="1.0" encoding="UTF-8"?>
<math xmlns="http://www.w3.org/1998/Math/MathML" id="mymath">
<mrow>
	<msubsup>
	  <mrow>
		<mo>(</mo>
		<munderover>
		  <mo>&#x2211;</mo>
		  <mrow>
		    <mi>k</mi>
		    <mo>=</mo>
		    <mn>1</mn>
		  </mrow>
		  <mi>n</mi>
		</munderover>
		<msubsup>
		  <mi>a</mi>
		  <mi>k</mi>
		  <mrow/>
		</msubsup>
		<msubsup>
		  <mi>b</mi>
		  <mi>k</mi>
		  <mrow/>
		</msubsup>
		<mo>)</mo>
	  </mrow>
	  <mrow/>
	  <mn>2</mn>
	</msubsup>
	<mo>&#x2264;</mo>
	<mrow>
	  <mo>(</mo>
	  <munderover>
		<mo>&#x2211;</mo>
		<mrow>
		  <mi>k</mi>
		  <mo>=</mo>
		  <mn>1</mn>
		</mrow>
		<mi>n</mi>
	  </munderover>
	  <msubsup>
		<mi>a</mi>
		<mi>k</mi>
		<mn>2</mn>
	  </msubsup>
	  <mo>)</mo>
	</mrow>
	<mrow>
	  <mo>(</mo>
	  <munderover>
		<mo>&#x2211;</mo>
		<mrow>
		  <mi>k</mi>
		  <mo>=</mo>
		  <mn>1</mn>
		</mrow>
		<mi>n</mi>
	  </munderover>
	  <msubsup>
		<mi>b</mi>
		<mi>k</mi>
		<mn>2</mn>
	  </msubsup>
	  <mo>)</mo>
	</mrow>
</mrow>
</math>
