<?xml version="1.0" encoding="UTF-8"?>
<math xmlns="http://www.w3.org/1998/Math/MathML" id="mymath">
  <mrow>
    <msub>
      <mi>a</mi>
      <mn>0</mn>
    </msub>
    <mo>+</mo>
    <mfrac>
      <mn>1</mn>
      <mrow>
        <msub>
          <mi>a</mi>
          <mn>1</mn>
        </msub>
        <mo>+</mo>
        <mfrac>
          <mn>1</mn>
          <mrow>
            <msub>
              <mi>a</mi>
              <mn>2</mn>
            </msub>
            <mo>+</mo>
            <mfrac>
              <mn>1</mn>
              <mrow>
                <msub>
                  <mi>a</mi>
                  <mn>3</mn>
                </msub>
                <mo>+</mo>
                <mfrac>
                  <mn>1</mn>
                  <mrow>
                    <msub>
                      <mi>a</mi>
                      <mn>4</mn>
                    </msub>
                  </mrow>
                </mfrac>
              </mrow>
            </mfrac>
          </mrow>
        </mfrac>
      </mrow>
    </mfrac>
  </mrow>

</math>

