<?xml version="1.0" encoding="UTF-8"?>
<!-- two empty lines -->
<!-- two empty lines -->
<math xmlns="http://www.w3.org/1998/Math/MathML">
  <mstyle displaystyle="true">
    <mrow>
      <mtable>
        <mtr>
          <mtd columnalign="right">
            <mrow>
              <msup>
                <mrow>
                  <mi mathvariant="bold">x</mi>
                </mrow>
                <mrow>
                  <mo>&#x2032;</mo>
                </mrow>
              </msup>
            </mrow>
          </mtd>
          <mtd columnalign="center">
            <mrow>
              <mo>=</mo>
            </mrow>
          </mtd>
          <mtd columnalign="left">
            <mrow>
              <msub>
                <mrow>
                  <mi>H</mi>
                </mrow>
                <mrow>
                  <mi>&#x3C0;</mi>
                </mrow>
              </msub>
              <mi mathvariant="bold">x</mi>
            </mrow>
          </mtd>
        </mtr>
        <mtr>
          <mtd columnalign="right">
            <mrow>
              <msup>
                <mrow>
                  <mi mathvariant="bold">l</mi>
                </mrow>
                <mrow>
                  <mo>&#x2032;</mo>
                </mrow>
              </msup>
            </mrow>
          </mtd>
          <mtd columnalign="center">
            <mrow>
              <mo>=</mo>
            </mrow>
          </mtd>
          <mtd columnalign="left">
            <mrow>
              <msup>
                <mrow>
                  <mi mathvariant="bold">e</mi>
                </mrow>
                <mrow>
                  <mo>&#x2032;</mo>
                </mrow>
              </msup>
              <mo>&#xD7;</mo>
              <msup>
                <mrow>
                  <mi mathvariant="bold">x</mi>
                </mrow>
                <mrow>
                  <mo>&#x2032;</mo>
                </mrow>
              </msup>
            </mrow>
          </mtd>
        </mtr>
        <mtr>
          <mtd columnalign="right">
            <mrow>
              <msup>
                <mrow>
                  <mi mathvariant="bold">l</mi>
                </mrow>
                <mrow>
                  <mo>&#x2032;</mo>
                </mrow>
              </msup>
            </mrow>
          </mtd>
          <mtd columnalign="center">
            <mrow>
              <mo>=</mo>
            </mrow>
          </mtd>

          <mtd columnalign="left">
            <mrow>
              <mstyle mathcolor="#0000ff">
                <mo stretchy="false">[</mo>
                <msup>
                  <mrow>
                    <mi mathvariant="bold">e</mi>
                  </mrow>
                  <mrow>
                    <mo>&#x2032;</mo>
                  </mrow>
                </msup>
                <msub>
                  <mrow>
                    <mo stretchy="false">]</mo>
                  </mrow>
                  <mrow>
                    <mo>&#xD7;</mo>
                  </mrow>
                </msub>
                <msub>
                  <mrow>
                    <mi>H</mi>
                  </mrow>
                  <mrow>
                    <mi>&#x3C0;</mi>
                  </mrow>
                </msub>
              </mstyle>
              <mi mathvariant="bold">x</mi>
            </mrow>
          </mtd>

        </mtr>
        <mtr>
          <mtd columnalign="right">
            <mrow>
              <msup>
                <mrow>
                  <mi mathvariant="bold">l</mi>
                </mrow>
                <mrow>
                  <mo>&#x2032;</mo>
                </mrow>
              </msup>
            </mrow>
          </mtd>
          <mtd columnalign="center">
            <mrow>
              <mo>=</mo>
            </mrow>
          </mtd>
          <mtd columnalign="left">
            <mrow>
              <mstyle mathcolor="#0000ff">
                <mi>F</mi>
              </mstyle>
              <mi mathvariant="bold">x</mi>
            </mrow>
          </mtd>
        </mtr>
      </mtable>
    </mrow>
  </mstyle>
</math>