<?xml version="1.0" encoding="UTF-8"?>
<math xmlns="http://www.w3.org/1998/Math/MathML" id="mymath">
  <mfrac>
    <mrow>
      <msqrt>
        <mfrac>
          <mn>7</mn>
          <mn>4</mn>
        </mfrac>
      </msqrt>
      <mo>+</mo>
      <msubsup>
        <mfrac>
          <mn>6</mn>
          <mn>8</mn>
        </mfrac>
        <mfrac>
          <mn>5</mn>
          <mn>4</mn>
        </mfrac>
        <mfrac>
          <mn>23</mn>
          <mn>445</mn>
        </mfrac>
      </msubsup>
      <mo>+</mo>
      <merror><msub>
	  <mn>9</mn>
	  <mfrac>
	    <mn>1</mn>
	    <mn>2</mn>
	  </mfrac>
	</msub></merror>
      <mo>&#x2212;</mo>
      <merror><mroot>
	  <mfrac>
	    <mn>43</mn>
	    <mn>21</mn>
	  </mfrac>
	  <mn>2</mn>
	</mroot></merror>
    </mrow>
    <mrow>
      <msubsup>
        <mfrac>
          <mn>6</mn>
          <mn>8</mn>
        </mfrac>
        <mfrac>
          <mn>5</mn>
          <mn>4</mn>
        </mfrac>
        <mfrac>
          <mn>23</mn>
          <mn>445</mn>
        </mfrac>
      </msubsup>
      <mo>+</mo>
      <mphantom>
        <msub>
          <mn>9</mn>
          <mfrac>
            <mn>1</mn>
            <mn>2</mn>
          </mfrac>
        </msub>
      </mphantom>
      <mo>&#x2212;</mo>
      <msqrt>
        <mn>59</mn>
        <mo>+</mo>
        <mfrac>
          <mn>43</mn>
          <mn>21</mn>
        </mfrac>
      </msqrt>
    </mrow>
  </mfrac>
</math>
