<?xml version="1.0" encoding="UTF-8"?>
<math xmlns="http://www.w3.org/1998/Math/MathML" id="mymath">
  <mrow>
    <mstyle scriptlevel="0" mathcolor="red" mathbackground="transparent" displaystyle="true">
      <mrow id="one">
        <mrow>
          <msub>
            <mo form="prefix" largeop="false" stretchy="true" maxsize="1.4" minsize="1.4" rspace="0em">&#x222B;</mo>
            <mi>C</mi>
          </msub>
          <mrow>
            <mrow>
              <mo form="prefix" fence="true" stretchy="true" symmetric="true" lspace="thinmathspace">(</mo>
              <mrow>
                <munderover>
                  <mo form="prefix" movablelimits="false" largeop="false" stretchy="true" maxsize="1.4" minsize="1.4" rspace="0em">&#x2211;</mo>
                  <mrow>
                    <mi>n</mi>
                    <mo form="infix" lspace="0.277778em" rspace="0.277778em">=</mo>
                    <mn>0</mn>
                  </mrow>
                  <mi>&#x221E;</mi>
                </munderover>
                <mrow>
                  <msub>
                    <mi>a</mi>
                    <mi>n</mi>
                  </msub>
                  <mo>&#x2062;</mo>
                  <msup>
                    <mi>z</mi>
                    <mi>n</mi>
                  </msup>
                </mrow>
              </mrow>
              <mo form="postfix" fence="true" stretchy="true" symmetric="true" rspace="thinmathspace">)</mo>
            </mrow>
            <mo>&#x2062;</mo>
            <mrow>
              <mo form="prefix" lspace="0.166667em" rspace="0em">&#x2146;</mo>
              <mi>z</mi>
            </mrow>
          </mrow>
        </mrow>
        <mo form="infix" lspace="0.277778em" rspace="0.277778em">=</mo>
        <mrow>

          <munderover>
            <mo form="prefix" movablelimits="false" largeop="false" stretchy="true" maxsize="1.4" minsize="1.4" lspace="0.277778em" rspace="0em">&#x2211;</mo>
            <mrow>
              <mi>n</mi>
              <mo form="infix" lspace="0.277778em" rspace="0.277778em">=</mo>
              <mn>0</mn>
            </mrow>
            <mi>&#x221E;</mi>
          </munderover>

          <mrow>
            <msub>
              <mi>a</mi>
              <mi>n</mi>
            </msub>
            <mo>&#x2062;</mo>
            <mrow>
              <msub>
                <mo form="prefix" largeop="false" stretchy="true" maxsize="1.4" minsize="1.4" lspace="0.166667em" rspace="0em">&#x222B;</mo>
                <mi>C</mi>
              </msub>
              <mrow>
                <msup>
                  <mi>z</mi>
                  <mi>n</mi>
                </msup>
                <mo>&#x2062;</mo>
                <mrow>
                  <mo form="prefix" lspace="0.000000em" rspace="0em">&#x2146;</mo>
                  <mi>z</mi>
                </mrow>
              </mrow>
            </mrow>
          </mrow>
        </mrow>
      </mrow>
    </mstyle>
  </mrow>
</math>
