<?xml version="1.0" encoding="UTF-8"?>
<math xmlns="http://www.w3.org/1998/Math/MathML" id="mymath">
	<mtable>
		<mtr>
			<mtd><mtext> default </mtext></mtd>
			<mtd><menclose><mi> mnaceo </mi></menclose></mtd>
		</mtr>
		<mtr>
			<mtd><mtext> longdiv </mtext></mtd>
			<mtd><menclose notation="longdiv"><mi> mnaceo </mi></menclose></mtd>
		</mtr>
		<mtr>
			<mtd><mtext> actuarial </mtext></mtd>
			<mtd><menclose notation="actuarial"><mi> mnaceo </mi></menclose></mtd>
		</mtr>
		<mtr>
			<mtd><mtext> radical </mtext></mtd>
			<mtd><menclose notation="radical"><mi> mnaceo </mi></menclose></mtd>
		</mtr>
		<mtr>
			<mtd><mtext> box </mtext></mtd>
			<mtd><menclose notation="box"><mi> mnaceo </mi></menclose></mtd>
		</mtr>
		<mtr>
			<mtd><mtext> roundedbox </mtext></mtd>
			<mtd><menclose notation="roundedbox"><mi> mnaceo </mi></menclose></mtd>
		</mtr>
		<mtr>
			<mtd><mtext> circle </mtext></mtd>
			<mtd><menclose notation="circle"><mi> mnaceo </mi></menclose></mtd>
		</mtr>
		<mtr>
			<mtd><mtext> left </mtext></mtd>
			<mtd><menclose notation="left"><mi> mnaceo </mi></menclose></mtd>
		</mtr>
		<mtr>
			<mtd><mtext> right </mtext></mtd>
			<mtd><menclose notation="right"><mi> mnaceo </mi></menclose></mtd>
		</mtr>
		<mtr>
			<mtd><mtext> top </mtext></mtd>
			<mtd><menclose notation="top"><mi> mnaceo </mi></menclose></mtd>
		</mtr>
		<mtr>
			<mtd><mtext> bottom </mtext></mtd>
			<mtd><menclose notation="bottom"><mi> mnaceo </mi></menclose></mtd>
		</mtr>
		<mtr>
			<mtd><mtext> updiagonalstrike </mtext></mtd>
			<mtd><menclose notation="updiagonalstrike"><mi> mnaceo </mi></menclose></mtd>
		</mtr>
		<mtr>
			<mtd><mtext> downdiagonalstrike </mtext></mtd>
			<mtd><menclose notation="downdiagonalstrike"><mi> mnaceo </mi></menclose></mtd>
		</mtr>
		<mtr>
			<mtd><mtext> verticalstrike </mtext></mtd>
			<mtd><menclose notation="verticalstrike"><mi> mnaceo </mi></menclose></mtd>
		</mtr>
		<mtr>
			<mtd><mtext> horizontalstrike </mtext></mtd>
			<mtd><menclose notation="horizontalstrike"><mi> mnaceo </mi></menclose></mtd>
		</mtr>
		<mtr>
			<mtd><mtext> empty attr </mtext></mtd>
			<mtd><menclose notation=""><mi> mnaceo </mi></menclose></mtd>
		</mtr>
		<mtr>
			<mtd><mtext> bad attr </mtext></mtd>
			<mtd><menclose notation="triangle"><mi> mnaceo </mi></menclose></mtd>
		</mtr>
		<mtr>
			<mtd><mtext> cross out </mtext></mtd>
			<mtd><menclose notation="updiagonalstrike downdiagonalstrike"><mi> mnaceo </mi></menclose></mtd>
		</mtr>
		<mtr>
			<mtd><mtext> radical circle </mtext></mtd>
			<mtd><menclose notation="radical circle"><mi> mnaceo </mi></menclose></mtd>
		</mtr>
		<mtr>
			<mtd><mtext> all sides and all strikes </mtext></mtd>
			<mtd><menclose notation="left right top bottom updiagonalstrike downdiagonalstrike verticalstrike horizontalstrike"><mi> mnaceo </mi></menclose></mtd>
		</mtr>
		<mtr>
			<mtd><mtext> nested roundedbox </mtext></mtd>
			<mtd><menclose notation="roundedbox"><menclose notation="roundedbox"><mi> mnaceo </mi></menclose></menclose></mtd>
		</mtr>
		<mtr>
			<mtd><mtext> nested circle </mtext></mtd>
			<mtd><menclose notation="circle"><menclose notation="circle"><mi> mnaceo </mi></menclose></menclose></mtd>
		</mtr>
	</mtable>
</math>

