<?xml version="1.0" encoding="UTF-8"?>
<math xmlns="http://www.w3.org/1998/Math/MathML"> 
  <mrow> 
    <mover accent="true"> 
      <mrow> 
        <mi> x </mi> 
        <mo> + </mo> 
        <mi> a </mi> 
        <mo> + </mo> 
        <mi> z </mi> 
      </mrow> 
      <mo> &#x00af; </mo> 
    </mover> 
    <mtext> &#xe897; vs &#xe897;</mtext> 
    <mover accent="false"> 
      <mrow> 
        <mi> x </mi> 
        <mo> + </mo> 
        <mfrac><mi> a </mi> <mi>x</mi></mfrac>
        <mo> + </mo> 
        <mi> z </mi> 
      </mrow> 
      <mo> &#x00af; </mo> 
    </mover> 
  </mrow> 
</math>

