<?xml version="1.0" encoding="UTF-8"?>
<math xmlns="http://www.w3.org/1998/Math/MathML">
  <mi>x</mi>
  <mo>=</mo>
  <msqrt>
    <mrow>
      <mi>A</mi>
      <mo>+</mo>
      <mfrac>
	<mrow>
	  <mi>w</mi>
	  <mo>+</mo>
	  <mfrac>
	    <msup>
	      <mi>m</mi>
	      <mn>8</mn>
	    </msup>
	    <msqrt>
	      <mrow>
		<mn>2</mn>
	      </mrow>
	    </msqrt>
	  </mfrac>
	</mrow>
	<msup>
	  <mi>i</mi>
	  <mfrac>
	    <mn>1</mn>
	    <mn>2</mn>
	  </mfrac>
	</msup>
      </mfrac>
    </mrow>
  </msqrt>
  <mo>+</mo>
  <mfrac>
    <mfrac>
      <msub>
	<mi>a</mi>
	<mi>i</mi>
      </msub>
      <mn>2</mn>
    </mfrac>
    <mfrac>
      <msub>
	<mi>a</mi>
	<mi>i</mi>
      </msub>
      <mn>5</mn>
    </mfrac>
  </mfrac>
</math>
