<?xml version="1.0" encoding="UTF-8"?>
<math xmlns="http://www.w3.org/1998/Math/MathML" id="mymath">
	<mtable>
		<mtr>
			<mtd><mfrac><mn>587</mn><mn>30</mn></mfrac></mtd>
			<mtd><mn>358</mn></mtd>
			<mtd><mn>0</mn></mtd>
			<mtd><mn>34895</mn></mtd>
		</mtr>
		<mtr>
			<mtd><mfrac><mn>587</mn><mn>30</mn></mfrac></mtd>
			<mtd><mn>1</mn></mtd>
			<mtd><mn>684</mn></mtd>
			<mtd><mn>12</mn></mtd>
		</mtr>
		<mtr>
			<mtd><mn>10598</mn></mtd>
			<mtd><mn>0</mn></mtd>
			<mtd><mn>1589</mn></mtd>
			<mtd><mfrac><mn>587</mn><mn>30</mn></mfrac></mtd>
		</mtr>
		<mtr>
			<mtd><mn>0</mn></mtd>
			<mtd><mn>789</mn></mtd>
			<mtd><mfrac><mn>587</mn><mn>30</mn></mfrac></mtd>
			<mtd><mn>15698</mn></mtd>
		</mtr>
	</mtable>
</math>
