<?xml version="1.0" encoding="UTF-8"?>
<math xmlns="http://www.w3.org/1998/Math/MathML"> 
  <mrow> 
    <munder accentunder="true"> 
      <mrow> 
        <mi> x </mi> 
        <mo> + </mo> 
        <mi> y </mi> 
        <mo> + </mo> 
        <mi> z </mi> 
      </mrow> 
      <mo> &#xf613; </mo> 
    </munder> 
    <mtext>&#xe897; vs &#xe897;</mtext> 
    <munder accentunder="false"> 
      <mrow> 
        <mi> x </mi> 
        <mo> + </mo> 
        <mi> y </mi> 
        <mo> + </mo> 
        <mi> z </mi> 
      </mrow> 
      <mo> &#xf613; </mo> 
    </munder> 
  </mrow> 
</math>

