<?xml version="1.0" encoding="UTF-8"?>
<math xmlns="http://www.w3.org/1998/Math/MathML">
  <mrow>
    <msub>
      <mi>T</mi>
      <mn>1</mn>
    </msub>
    <mo>=</mo>
    <mrow>
      <mo>&#x2212;</mo>
      <mfrac>
	<mn>1</mn>
	<mi>k</mi>
      </mfrac>
      <mo>&#x2062;</mo>
      <msqrt>
	<mfrac>
	  <msub>
	    <mi>s</mi>
	    <mn>1</mn>
	  </msub>
	  <mn>2</mn>
	</mfrac>
      </msqrt>
      <mo>&#x2062;</mo>
      <msqrt>
	<msub>
	  <mi>s</mi>
	  <mn>1</mn>
	</msub>
	<msub>
	  <mi>s</mi>
	  <mn>0</mn>
	</msub>
	<mo>&#x2212;</mo>
	<msup>
	  <msub>
	    <mi>s</mi>
	    <mn>0</mn>
	  </msub>
	  <mn>2</mn>
	</msup>
      </msqrt>
      <mo>&#x2212;</mo>
      <mfrac>
	<mn>1</mn>
	<mi>k</mi>
      </mfrac>
      <mo>&#x2062;</mo>
      <msup>
	<mfenced>
	  <mfrac>
	    <msub>
	      <mi>s</mi>
	      <mn>1</mn>
	    </msub>
	    <mn>2</mn>
	  </mfrac>
	</mfenced>
	<mfrac>
	  <mn>3</mn>
	  <mn>2</mn>
	</mfrac>
      </msup>
      <mo>&#x2062;</mo>
      <mfenced open="[" close="]">
	<mrow>
	  <mo>&#xB1;</mo>
	  <mfrac>
	    <mi>&#x3C0;</mi>
	    <mn>2</mn>
	  </mfrac>
	  <mo>&#x2212;</mo>
	  <msup>
	    <mi>sin</mi>
	    <mrow>
	      <mo>&#x2212;</mo>
	      <mn>1</mn>
	    </mrow>
	  </msup>
	  <mfenced>
	    <mfrac>
	      <mrow>
		<mn>2</mn>
		<mo>&#x2062;</mo>
		<msub>
		  <mi>s</mi>
		  <mn>0</mn>
		</msub>
		<mo>&#x2212;</mo>
		<msub>
		  <mi>s</mi>
		  <mn>1</mn>
		</msub>
	      </mrow>
	      <msub>
		<mi>s</mi>
		<mn>1</mn>
	      </msub>
	    </mfrac>
	  </mfenced>
	</mrow>
      </mfenced>
    </mrow>
  </mrow>
</math>
