<?xml version="1.0" encoding="UTF-8"?>
<!-- two empty lines -->
<!-- two empty lines -->
<math xmlns="http://www.w3.org/1998/Math/MathML">
  <mstyle displaystyle="true">
    <mrow>
      <mtable>
        <mtr>
          <mtd columnalign="right">
            <mrow>
              <mi mathvariant="bold">x</mi>
            </mrow>
          </mtd>
          <mtd columnalign="center">
            <mrow>
              <mo>=</mo>
            </mrow>
          </mtd>
          <mtd columnalign="left">
            <mrow>
              <mi>P</mi>
              <mi mathvariant="bold">X</mi>
            </mrow>
          </mtd>
        </mtr>
        <mtr>
          <mtd columnalign="right">
            <mrow>
              <mi>P</mi>
            </mrow>
          </mtd>
          <mtd columnalign="center">
            <mrow>
              <mo>=</mo>
            </mrow>
          </mtd>
          <mtd columnalign="left">
            <mrow>
              <mi>K</mi>
              <mi>R</mi>
              <mo stretchy="false">[</mo>
              <mi>I</mi>
              <mo stretchy="false">&#x7C;</mo>
              <mo>&#x2212;</mo>
              <mi mathvariant="bold">c</mi>
              <mo stretchy="false">]</mo>
              <mi>&#x2009;&#x2009;</mi>
              <mo>=</mo>
              <mi>&#x2009;&#x2009;</mi>
              <mi>K</mi>
              <mo stretchy="false">[</mo>

              <mi>R</mi>

              <mo stretchy="false">&#x7C;</mo>
              <mi mathvariant="bold">t</mi>
              <mo stretchy="false">]</mo>
            </mrow>
          </mtd>
        </mtr>
      </mtable>
    </mrow>
  </mstyle>
</math>
