<?xml version="1.0" encoding="UTF-8"?>
<math xmlns="http://www.w3.org/1998/Math/MathML">
  <mrow>
    <mi>x</mi>
    <mo>=</mo>
    <mfrac>
      <mrow>
	<mo>&#x2212;</mo>
	<mi>b</mi>
	<mo>&#xB1;</mo>
	<msqrt>
	  <mrow>
	    <msup>
	      <mi>b</mi>
	      <mn>2</mn>
	    </msup>
	    <mo>&#x2212;</mo>
	    <mrow>
	      <mn>4</mn>
	      <mi>a</mi>
	      <mi>c</mi>
	    </mrow>
	  </mrow>
	</msqrt>
      </mrow>
      <mrow>
	<mn>2</mn>
	<mi>a</mi>
      </mrow>
    </mfrac>
  </mrow>
</math>
