<?xml version="1.0" encoding="UTF-8"?>
<!-- two empty lines -->
<!-- two empty lines -->
<math xmlns="http://www.w3.org/1998/Math/MathML">
  <mstyle displaystyle="true">
    <mrow>
      <mrow>
        <munder>
          <mo>&#x2211;</mo>
          <mrow>
            <mi>i</mi>
          </mrow>
        </munder>
      </mrow>
      <mrow>
        <mo>(</mo>
        <msubsup>
          <mrow>
            <mi mathvariant="normal">d</mi>
          </mrow>
          <mrow>
            <mi>Maha</mi>
          </mrow>
          <mrow>
            <mn>2</mn>
          </mrow>
        </msubsup>
        <mo stretchy="false">(</mo>
        <msub>
          <mrow>
            <mi mathvariant="bold">x</mi>
          </mrow>
          <mrow>
            <mi>i</mi>
          </mrow>
        </msub>
        <mo>,</mo>
        <msub>
          <mrow>
            <mrow>
              <mover>
                <mrow>
                  <mi mathvariant="bold">x</mi>
                </mrow>
                <mo>̂</mo>
              </mover>
            </mrow>
          </mrow>
          <mrow>
            <mi>i</mi>
          </mrow>
        </msub>
        <mo stretchy="false">)</mo>
        <mo>+</mo>
        <msubsup>
          <mrow>
            <mi mathvariant="normal">d</mi>
          </mrow>
          <mrow>
            <mi>Maha</mi>
          </mrow>
          <mrow>
            <mn>2</mn>
          </mrow>
        </msubsup>
        <mo stretchy="false">(</mo>
        <msub>
          <mrow>

            <mi mathvariant="bold">X</mi>

          </mrow>
          <mrow>
            <mi>i</mi>
          </mrow>
        </msub>
        <mo>,</mo>
        <msub>
          <mrow>
            <mrow>
              <mover>
                <mrow>
                  <mi mathvariant="bold">X</mi>
                </mrow>
                <mo>̂</mo>
              </mover>
            </mrow>
          </mrow>
          <mrow>
            <mi>i</mi>
          </mrow>
        </msub>
        <mo stretchy="false">)</mo>
        <mo>)</mo>
      </mrow>
    </mrow>
  </mstyle>
</math>