<?xml version="1.0" encoding="UTF-8"?>
<!-- two empty lines -->
<!-- two empty lines -->
<math xmlns="http://www.w3.org/1998/Math/MathML">
  <mstyle displaystyle="true">
    <mrow>
      <mi>R</mi>
      <mo stretchy="false">(</mo>
      <mi mathvariant="bold">f</mi>
      <mo stretchy="false">)</mo>
      <mo>=</mo>
      <mi>R</mi>
      <mrow>
        <mo>(</mo>
        <mrow>
          <munder>
            <mo>&#x2211;</mo>
            <mrow>
              <mi>i</mi>
            </mrow>
          </munder>
        </mrow>
        <msub>
          <mrow>
            <mi>f</mi>
          </mrow>
          <mrow>
            <mi>i</mi>
          </mrow>
        </msub>
        <mi>&#x2009;</mi>
        <mi>shift</mi>
        <mo stretchy="false">(</mo>
        <msub>
          <mrow>
            <mi mathvariant="bold">e</mi>
          </mrow>
          <mrow>

            <mn>0</mn>

          </mrow>
        </msub>
        <mo>,</mo>
        <mi>i</mi>
        <mo stretchy="false">)</mo>
        <mo>)</mo>
      </mrow>
      <mo>=</mo>
      <mrow>
        <munder>
          <mo>&#x2211;</mo>
          <mrow>
            <mi>i</mi>
          </mrow>
        </munder>
      </mrow>
      <msub>
        <mrow>
          <mi>f</mi>
        </mrow>
        <mrow>
          <mi>i</mi>
        </mrow>
      </msub>
      <mi>&#x2009;</mi>
      <mi>shift</mi>
      <mo stretchy="false">(</mo>
      <mi>R</mi>
      <mo stretchy="false">(</mo>
      <msub>
        <mrow>
          <mi mathvariant="bold">e</mi>
        </mrow>
        <mrow>
          <mn>0</mn>
        </mrow>
      </msub>
      <mo stretchy="false">)</mo>
      <mo>,</mo>
      <mi>i</mi>
      <mo stretchy="false">)</mo>
    </mrow>
  </mstyle>
</math>