<?xml version="1.0" encoding="utf-8"?>
<!-- Two empty lines -->
<!-- Two empty lines -->
<math xmlns="http://www.w3.org/1998/Math/MathML">
  <mstyle displaystyle="true">
    <mrow>
      <mtable>
        <mtr>
          <mtd columnalign="right">
            <mrow/>
          </mtd>
          <mtd columnalign="center">
            <mrow/>
          </mtd>
          <mtd columnalign="right">
            <mrow>
              <mi>&#x2205;</mi>
              <mo>&#x2208;</mo>
              <mi mathvariant="fraktur">F</mi>
            </mrow>
          </mtd>
        </mtr>
        <mtr>
          <mtd columnalign="right">
            <mrow>
              <msub>
                <mrow>
                  <mi>S</mi>
                </mrow>
                <mrow>
                  <mn>1</mn>
                </mrow>
              </msub>
              <mo>&#x2208;</mo>
              <mi mathvariant="fraktur">F</mi>
            </mrow>
          </mtd>
          <mtd columnalign="center">
            <mrow>
              <mo>&#x21D2;</mo>
            </mrow>
          </mtd>
          <mtd columnalign="right">
            <mrow>
              <mrow>
                <mover>
                  <mrow>
                    <msub>
                      <mrow>
                        <mi>S</mi>
                      </mrow>
                      <mrow>
                        <mn>1</mn>
                      </mrow>
                    </msub>
                  </mrow>
                  <mo>&#xAF;</mo>
                </mover>
              </mrow>
              <mo>=</mo>
              <mi>&#x3A9;</mi>
              <mo>&#x2212;</mo>
              <msub>

                <mrow>
                  <mi>S</mi>
                </mrow>

                <mrow>
                  <mn>1</mn>
                </mrow>
              </msub>
              <mo>&#x2208;</mo>
	      <mi mathvariant="fraktur">F</mi>
            </mrow>
          </mtd>
        </mtr>
        <mtr>
          <mtd columnalign="right">
            <mrow>
              <mtext>countable&#xA0;</mtext>
              <msub>
                <mrow>
                  <mi>S</mi>
                </mrow>
                <mrow>
                  <mi>i</mi>
                </mrow>
              </msub>
              <mo>&#x2208;</mo>
	      <mi mathvariant="fraktur">F</mi>
            </mrow>
          </mtd>
          <mtd columnalign="center">
            <mrow>
              <mo>&#x21D2;</mo>
            </mrow>
          </mtd>
          <mtd columnalign="right">
            <mrow>
              <mrow>
                <munder>
                  <mo>&#x22C3;</mo>
                  <mrow>
                    <mi>i</mi>
                  </mrow>
                </munder>
              </mrow>
              <msub>
                <mrow>
                  <mi>S</mi>
                </mrow>
                <mrow>
                  <mi>i</mi>
                </mrow>
              </msub>
              <mo>&#x2208;</mo>
              <mi mathvariant="fraktur">F</mi>
            </mrow>
          </mtd>
        </mtr>
      </mtable>
    </mrow>
  </mstyle>
</math>