<?xml version="1.0" encoding="UTF-8"?>
<math xmlns="http://www.w3.org/1998/Math/MathML" id="mymath">
  <mrow>
  	<mo>(</mo>
  	<munder>
  		<mo>&#x222B;</mo>
  		<mi>a</mi>
  	</munder>
  	<mfrac>
  		<mn>1</mn>
  		<mfrac>
  			<mn>2</mn>
  			<mfrac>
  				<mn>3</mn>
  				<mn>4</mn>
  			</mfrac>
  		</mfrac>
  	</mfrac>
  	<mo>+</mo>
  	<mfrac>
  		<mfrac>
  			<mn>2</mn>
  			<mfrac>
  				<mn>3</mn>
  				<mn>4</mn>
  			</mfrac>
  		</mfrac>
  		<mn>1</mn>
  	</mfrac>
  	<mo>)</mo>
  </mrow>
</math>
