<?xml version="1.0" encoding="UTF-8"?>
<math xmlns="http://www.w3.org/1998/Math/MathML">
  <mrow>
    <mfrac>
      <mrow>
	<mi>d</mi>
	<mi>r</mi>
      </mrow>
      <mrow>
	<mi>d</mi>
	<mi>t</mi>
      </mrow>
    </mfrac>
    <mo>=</mo>
    <mrow>
      <mo>&#x2212;</mo>
      <msqrt>
	<mfrac>
	  <mrow>
	    <msup>
	      <mi>B</mi>
	      <mn>2</mn>
	    </msup>
	    <mfenced>
	      <mi>r</mi>
	    </mfenced>
	  </mrow>
	  <mrow>
	    <mi>A</mi>
	    <mfenced>
	      <mi>r</mi>
	    </mfenced>
	  </mrow>
	</mfrac>
	<mo>&#x2062;</mo>
	<mfenced open="[" close="]">
	  <mrow>
	    <mfrac>
	      <mn>1</mn>
	      <mrow>
		<mi>B</mi>
		<mfenced>
		  <mi>r</mi>
		</mfenced>
	      </mrow>
	    </mfrac>
	    <mo>&#x2212;</mo>
	    <mi>E</mi>
	    <mo>&#x2212;</mo>
	    <mfrac>
	      <msup>
		<mi>J</mi>
		<mn>2</mn>
	      </msup>
	      <msup>
		<mi>r</mi>
		<mn>2</mn>
	      </msup>
	    </mfrac>
	  </mrow>
	</mfenced>
      </msqrt>
    </mrow>
  </mrow>
</math>
